  Select HOST_LINUX=y
CONFIG_ZEPHYR_REPO_DEFAULT
out 目录
LIBCLANG_PATH set to: /home/lawson/openvela/prebuilts/rust/linux/extra_libs
including vendor/infineon/boards/aurix/build/vendorsetup.sh
including vendor/infineon/boards/aurix_tc3/build/vendorsetup.sh
The current build configuration lunched with: [32m[sifli]-[sf32lb52_devkit_lcd]-[nsh]![0m

[32m#### BINARY directory is set: /home/lawson/openvela/out/sifli_sf32lb52_devkit_lcd_nsh[0m
===== 确认 .config 已按新 defconfig 生成 =====
  .config 尚未生成（将在构建中生成）
===== 构建 =====
Build CMake configuration:
  cmake -B /home/lawson/openvela/out/sifli_sf32lb52_devkit_lcd_nsh -S /home/lawson/openvela/nuttx -DBOARD_CONFIG=../vendor/sifli/boards/sf32lb52/sf32lb52_devkit_lcd/configs/nsh -DCUSTOM_MODULE_PATH=/home/lawson/openvela/build/cmake -DEXTRA_FLAGS="-Wno-cpp -Wno-deprecated-declarations -Werror" -GNinja
-- Found Python3: /usr/bin/python3 (found version "3.12.3") found components: Interpreter 
-- Initializing NuttX
Loaded configuration '/home/lawson/openvela/out/sifli_sf32lb52_devkit_lcd_nsh/.config.compressed'
Minimal configuration saved to '/home/lawson/openvela/out/sifli_sf32lb52_devkit_lcd_nsh/defconfig.tmp'
--   CMake:  3.28.3
--   Ninja:  1.11.1
--   Board:  sf32lb52_devkit_lcd
--   Config: nsh
--   Appdir: /home/lawson/openvela/apps
-- The C compiler identification is GNU 13.3.0
-- Detecting C compiler ABI info
-- Detecting C compiler ABI info - done
-- Check for working C compiler: /usr/bin/cc - skipped
-- Detecting C compile features
-- Detecting C compile features - done
-- NuttX Host Tools
-- Configuring done (1.7s)
-- Generating done (0.0s)
-- Build files have been written to: /home/lawson/openvela/out/sifli_sf32lb52_devkit_lcd_nsh/bin_host
-- ╭─────────────────────────────────────────────────╮
-- │  Vela build custom modules base on NuttX build  |
-- ╰─────────────────────────────────────────────────╯
-- The C compiler identification is GNU 13.2.1
-- The CXX compiler identification is GNU 13.2.1
-- The ASM compiler identification is GNU
-- Found assembler: /home/lawson/arm-tc-root/usr/bin/arm-none-eabi-gcc
-- Detecting C compiler ABI info
-- Detecting C compiler ABI info - done
-- Check for working C compiler: /home/lawson/arm-tc-root/usr/bin/arm-none-eabi-gcc - skipped
-- Detecting C compile features
-- Detecting C compile features - done
-- Detecting CXX compiler ABI info
-- Detecting CXX compiler ABI info - done
-- Check for working CXX compiler: /home/lawson/arm-tc-root/usr/bin/arm-none-eabi-g++ - skipped
-- Detecting CXX compile features
-- Detecting CXX compile features - done
-- Configuring done (19.7s)
-- Generating done (0.9s)
-- Build files have been written to: /home/lawson/openvela/out/sifli_sf32lb52_devkit_lcd_nsh
  cmake --build /home/lawson/openvela/out/sifli_sf32lb52_devkit_lcd_nsh -j8  --
[1/2236] Generating ld.script.tmp
[2/2236] Generating ../../../gnu-elf.ld
[3/2236] cd /home/lawson/openvela/out/sifli_sf32lb52_devkit_lcd_nsh/libs/libc/misc && /usr/bin/cmake -E touch /home/lawson/openvela/nuttx/libs/libc/misc/lib_utsname.c
[4/2236] cd /home/lawson/openvela/nuttx && /usr/bin/cmake -DKCONFIG_CONFIG=/home/lawson/openvela/vendor/sifli/boards/sf32lb52/sf32lb52_devkit_lcd/configs/nsh/defconfig -DNUTTX_DIR=/home/lawson/openvela/nuttx -DCMAKE_BINARY_DIR=/home/lawson/openvela/out/sifli_sf32lb52_devkit_lcd_nsh -P /home/lawson/openvela/nuttx/cmake/nuttx_generate_dts.cmake
[5/2236] Generating bin output directories
[6/2236] Building C object arch/CMakeFiles/arch.dir/arm/src/armv8-m/arm_initialstate.c.o
[7/2236] Building C object arch/CMakeFiles/arch.dir/arm/src/armv8-m/arm_itm.c.o
[8/2236] Building C object arch/CMakeFiles/arch.dir/arm/src/armv8-m/arm_cpuinfo.c.o
[9/2236] Building C object arch/CMakeFiles/arch.dir/arm/src/armv8-m/arm_perf.c.o
[10/2236] Building C object arch/CMakeFiles/arch.dir/arm/src/armv8-m/arm_doirq.c.o
[11/2236] Building C object arch/CMakeFiles/arch.dir/arm/src/armv8-m/arm_cache.c.o
[12/2236] Building C object arch/CMakeFiles/arch.dir/arm/src/armv8-m/arm_sau.c.o
[13/2236] Building C object arch/CMakeFiles/arch.dir/arm/src/armv8-m/arm_dbgmonitor.c.o
[14/2236] Building C object arch/CMakeFiles/arch.dir/arm/src/armv8-m/arm_secure_irq.c.o
[15/2236] Building C object arch/CMakeFiles/arch.dir/arm/src/armv8-m/arm_fpucmp.c.o
[16/2236] Building C object arch/CMakeFiles/arch.dir/arm/src/armv8-m/arm_fpuconfig.c.o
[17/2236] Building C object arch/CMakeFiles/arch.dir/arm/src/armv8-m/arm_svcall.c.o
[18/2236] Building C object arch/CMakeFiles/arch.dir/home/lawson/openvela/vendor/sifli/chips/sf32lb52/sifli_start.c.o
[19/2236] Building C object arch/CMakeFiles/arch.dir/home/lawson/openvela/vendor/sifli/chips/sf32lb52/sifli_lowput.c.o
[20/2236] Building C object arch/CMakeFiles/arch.dir/home/lawson/openvela/vendor/sifli/chips/sf32lb52/sifli_irq.c.o
[21/2236] Building C object arch/CMakeFiles/arch.dir/home/lawson/openvela/vendor/sifli/chips/sf32lb52/sifli_uart.c.o
[22/2236] Building C object arch/CMakeFiles/arch.dir/home/lawson/openvela/vendor/sifli/chips/sf32lb52/sifli_allocateheap.c.o
[23/2236] Building C object arch/CMakeFiles/arch.dir/home/lawson/openvela/vendor/sifli/chips/sf32lb52/sifli_gpio.c.o
[24/2236] Building C object arch/CMakeFiles/arch.dir/home/lawson/openvela/vendor/sifli/chips/sf32lb52/sifli_oneshot.c.o
[25/2236] Building C object arch/CMakeFiles/arch.dir/home/lawson/openvela/vendor/sifli/chips/sf32lb52/sifli_i2c.c.o
[26/2236] Building C object arch/CMakeFiles/arch.dir/home/lawson/openvela/vendor/sifli/chips/sf32lb52/sifli_spi.c.o
[27/2236] Building C object arch/CMakeFiles/arch.dir/home/lawson/openvela/vendor/sifli/chips/sf32lb52/sf32lb_rtc.c.o
[28/2236] Building C object arch/CMakeFiles/arch.dir/home/lawson/openvela/vendor/sifli/chips/sf32lb52/sf32lb_adc.c.o
[29/2236] Building C object arch/CMakeFiles/arch.dir/home/lawson/openvela/vendor/sifli/chips/sf32lb52/sf32lb_iwdg.c.o
[30/2236] Building C object arch/CMakeFiles/arch.dir/home/lawson/openvela/vendor/sifli/chips/sf32lb52/sf32lb_timer.c.o
[31/2236] Building C object arch/CMakeFiles/arch.dir/home/lawson/openvela/vendor/sifli/chips/sf32lb52/sf32lb_pwm.c.o
[32/2236] Building C object arch/CMakeFiles/arch.dir/home/lawson/openvela/vendor/sifli/chips/sf32lb52/sf32lb_usbdev.c.o
[33/2236] Building C object arch/CMakeFiles/arch.dir/home/lawson/openvela/vendor/sifli/chips/sf32lb52/sf32lb_flash.c.o
[34/2236] Building C object arch/CMakeFiles/arch.dir/home/lawson/openvela/vendor/sifli/chips/drivers/hal/bf0_hal_aes.c.o
[35/2236] Building C object arch/CMakeFiles/arch.dir/home/lawson/openvela/vendor/sifli/chips/drivers/hal/bf0_hal.c.o
[36/2236] Building C object arch/CMakeFiles/arch.dir/home/lawson/openvela/vendor/sifli/chips/drivers/hal/bf0_hal_adc.c.o
[37/2236] Building C object arch/CMakeFiles/arch.dir/home/lawson/openvela/vendor/sifli/chips/drivers/hal/bf0_hal_aes_ns.c.o
[38/2236] Building C object arch/CMakeFiles/arch.dir/home/lawson/openvela/vendor/sifli/chips/drivers/hal/bf0_hal_audprc.c.o
[39/2236] Building C object arch/CMakeFiles/arch.dir/home/lawson/openvela/vendor/sifli/chips/drivers/hal/bf0_hal_audcodec_m.c.o
[40/2236] Building C object arch/CMakeFiles/arch.dir/home/lawson/openvela/vendor/sifli/chips/drivers/hal/bf0_hal_bleaon.c.o
[41/2236] Building C object arch/CMakeFiles/arch.dir/home/lawson/openvela/vendor/sifli/chips/drivers/hal/bf0_hal_busmon.c.o
[42/2236] Building C object arch/CMakeFiles/arch.dir/home/lawson/openvela/vendor/sifli/chips/drivers/hal/bf0_hal_crc.c.o
[43/2236] Building C object arch/CMakeFiles/arch.dir/home/lawson/openvela/vendor/sifli/chips/drivers/hal/bf0_hal_dsi.c.o
[44/2236] Building C object arch/CMakeFiles/arch.dir/home/lawson/openvela/vendor/sifli/chips/drivers/hal/bf0_hal_cortex.c.o
[45/2236] Building C object arch/CMakeFiles/arch.dir/home/lawson/openvela/vendor/sifli/chips/drivers/hal/bf0_hal_dma.c.o
[46/2236] Building C object arch/CMakeFiles/arch.dir/home/lawson/openvela/vendor/sifli/chips/drivers/hal/bf0_hal_efuse.c.o
[47/2236] Building C object arch/CMakeFiles/arch.dir/home/lawson/openvela/vendor/sifli/chips/drivers/hal/bf0_hal_ext_dma.c.o
[48/2236] Building C object arch/CMakeFiles/arch.dir/home/lawson/openvela/vendor/sifli/chips/drivers/hal/bf0_hal_ezip.c.o
[49/2236] Building C object arch/CMakeFiles/arch.dir/home/lawson/openvela/vendor/sifli/chips/drivers/hal/bf0_hal_facc.c.o
[50/2236] Building C object arch/CMakeFiles/arch.dir/home/lawson/openvela/vendor/sifli/chips/drivers/hal/bf0_hal_fft.c.o
[51/2236] Building C object arch/CMakeFiles/arch.dir/home/lawson/openvela/vendor/sifli/chips/drivers/hal/bf0_hal_gpio.c.o
[52/2236] Building C object arch/CMakeFiles/arch.dir/home/lawson/openvela/vendor/sifli/chips/drivers/hal/bf0_hal_epic.c.o
[53/2236] Building C object arch/CMakeFiles/arch.dir/home/lawson/openvela/vendor/sifli/chips/drivers/hal/bf0_hal_hcd.c.o
[54/2236] Building C object arch/CMakeFiles/arch.dir/home/lawson/openvela/vendor/sifli/chips/drivers/hal/bf0_hal_hlp.c.o
[55/2236] Building C object arch/CMakeFiles/arch.dir/home/lawson/openvela/vendor/sifli/chips/drivers/hal/bf0_hal_hpaon.c.o
[56/2236] Building C object arch/CMakeFiles/arch.dir/home/lawson/openvela/vendor/sifli/chips/drivers/hal/bf0_hal_i2c.c.o
[57/2236] Building C object arch/CMakeFiles/arch.dir/home/lawson/openvela/vendor/sifli/chips/drivers/hal/bf0_hal_lcpu_config.c.o
[58/2236] Building C object arch/CMakeFiles/arch.dir/home/lawson/openvela/vendor/sifli/chips/drivers/hal/bf0_hal_i2s.c.o
[59/2236] Building C object arch/CMakeFiles/arch.dir/home/lawson/openvela/vendor/sifli/chips/drivers/hal/bf0_hal_lpaon.c.o
[60/2236] Building C object arch/CMakeFiles/arch.dir/home/lawson/openvela/vendor/sifli/chips/drivers/hal/bf0_hal_lpcomp.c.o
[61/2236] Building C object arch/CMakeFiles/arch.dir/home/lawson/openvela/vendor/sifli/chips/drivers/hal/bf0_hal_lrc_cal.c.o
[62/2236] Building C object arch/CMakeFiles/arch.dir/home/lawson/openvela/vendor/sifli/chips/drivers/hal/bf0_hal_lptim.c.o
[63/2236] Building C object arch/CMakeFiles/arch.dir/home/lawson/openvela/vendor/sifli/chips/drivers/hal/bf0_hal_mailbox.c.o
[64/2236] Building C object arch/CMakeFiles/arch.dir/home/lawson/openvela/vendor/sifli/chips/drivers/hal/bf0_hal_nn_acc.c.o
[65/2236] Building C object arch/CMakeFiles/arch.dir/home/lawson/openvela/vendor/sifli/chips/drivers/hal/bf0_hal_mpi_ex.c.o
[66/2236] Building C object arch/CMakeFiles/arch.dir/home/lawson/openvela/vendor/sifli/chips/drivers/hal/bf0_hal_mpi_psram.c.o
[67/2236] Building C object arch/CMakeFiles/arch.dir/home/lawson/openvela/vendor/sifli/chips/drivers/hal/bf0_hal_mpi.c.o
[68/2236] Building C object arch/CMakeFiles/arch.dir/home/lawson/openvela/vendor/sifli/chips/drivers/hal/bf0_hal_lcdc.c.o
[69/2236] Building C object arch/CMakeFiles/arch.dir/home/lawson/openvela/vendor/sifli/chips/drivers/hal/bf0_hal_patch.c.o
[70/2236] Building C object arch/CMakeFiles/arch.dir/home/lawson/openvela/vendor/sifli/chips/drivers/hal/bf0_hal_pdm.c.o
[71/2236] Building C object arch/CMakeFiles/arch.dir/home/lawson/openvela/vendor/sifli/chips/drivers/hal/bf0_hal_pcd.c.o
[72/2236] Building C object arch/CMakeFiles/arch.dir/home/lawson/openvela/vendor/sifli/chips/drivers/hal/bf0_hal_pinmux.c.o
[73/2236] Building C object arch/CMakeFiles/arch.dir/home/lawson/openvela/vendor/sifli/chips/drivers/hal/bf0_hal_ptc.c.o
[74/2236] Building C object arch/CMakeFiles/arch.dir/home/lawson/openvela/vendor/sifli/chips/drivers/hal/bf0_hal_psram.c.o
[75/2236] Building C object arch/CMakeFiles/arch.dir/home/lawson/openvela/vendor/sifli/chips/drivers/hal/bf0_hal_pmu.c.o
[76/2236] Building C object arch/CMakeFiles/arch.dir/home/lawson/openvela/vendor/sifli/chips/drivers/hal/bf0_hal_rcc.c.o
[77/2236] Building C object arch/CMakeFiles/arch.dir/home/lawson/openvela/vendor/sifli/chips/drivers/hal/bf0_hal_rng.c.o
[78/2236] Building C object arch/CMakeFiles/arch.dir/home/lawson/openvela/vendor/sifli/chips/drivers/hal/bf0_hal_rtc.c.o
[79/2236] Building C object arch/CMakeFiles/arch.dir/home/lawson/openvela/vendor/sifli/chips/drivers/hal/bf0_hal_sd_ex.c.o
[80/2236] Building C object arch/CMakeFiles/arch.dir/home/lawson/openvela/vendor/sifli/chips/drivers/hal/bf0_hal_sdadc.c.o
[81/2236] Building C object arch/CMakeFiles/arch.dir/home/lawson/openvela/vendor/sifli/chips/drivers/hal/bf0_hal_sdmmc.c.o
[82/2236] Building C object arch/CMakeFiles/arch.dir/home/lawson/openvela/vendor/sifli/chips/drivers/hal/bf0_hal_secu.c.o
[83/2236] Building C object arch/CMakeFiles/arch.dir/home/lawson/openvela/vendor/sifli/chips/drivers/hal/bf0_hal_sdhci.c.o
[84/2236] Building C object arch/CMakeFiles/arch.dir/home/lawson/openvela/vendor/sifli/chips/drivers/hal/bf0_hal_spi.c.o
[85/2236] Building C object arch/CMakeFiles/arch.dir/home/lawson/openvela/vendor/sifli/chips/drivers/hal/bf0_hal_tsen.c.o
[86/2236] Building C object arch/CMakeFiles/arch.dir/home/lawson/openvela/vendor/sifli/chips/drivers/hal/bf0_hal_tim_ex.c.o
[87/2236] Building C object arch/CMakeFiles/arch.dir/home/lawson/openvela/vendor/sifli/chips/drivers/hal/bf0_hal_tim.c.o
[88/2236] Building C object arch/CMakeFiles/arch.dir/home/lawson/openvela/vendor/sifli/chips/drivers/cmsis/sf32lb52x/bf0_pin_const.c.o
[89/2236] Building C object arch/CMakeFiles/arch.dir/home/lawson/openvela/vendor/sifli/chips/drivers/hal/bf0_hal_wdt.c.o
[90/2236] Building C object arch/CMakeFiles/arch.dir/home/lawson/openvela/vendor/sifli/chips/drivers/hal/flash_table.c.o
[91/2236] Building C object arch/CMakeFiles/arch.dir/home/lawson/openvela/vendor/sifli/chips/drivers/hal/bf0_sys_cfg.c.o
[92/2236] Building C object arch/CMakeFiles/arch.dir/home/lawson/openvela/vendor/sifli/chips/drivers/hal/bf0_hal_uart.c.o
[93/2236] Building C object arch/CMakeFiles/arch.dir/home/lawson/openvela/vendor/sifli/chips/drivers/hal/nand_table.c.o
[94/2236] Building C object arch/CMakeFiles/arch.dir/home/lawson/openvela/vendor/sifli/chips/drivers/cmsis/sf32lb52x/Templates/system_bf0_ap.c.o
[95/2236] Building C object arch/CMakeFiles/arch.dir/home/lawson/openvela/vendor/sifli/chips/drivers/cmsis/sf32lb52x/lcpu_config_type.c.o
[96/2236] Building C object arch/CMakeFiles/arch.dir/home/lawson/openvela/vendor/sifli/chips/drivers/hal/sifli_bbm.c.o
[97/2236] Building C object arch/CMakeFiles/arch.dir/arm/src/common/arm_allocateheap.c.o
[98/2236] Building C object arch/CMakeFiles/arch.dir/arm/src/common/arm_getintstack.c.o
[99/2236] Building C object arch/CMakeFiles/arch.dir/arm/src/common/arm_createstack.c.o
[100/2236] Building C object arch/CMakeFiles/arch.dir/arm/src/common/arm_exit.c.o
[101/2236] Building C object arch/CMakeFiles/arch.dir/arm/src/common/arm_initialize.c.o
[102/2236] Building C object arch/CMakeFiles/arch.dir/home/lawson/openvela/vendor/sifli/chips/sf32lb52/ipc_queue/common/circular_buf.c.o
[103/2236] Building C object arch/CMakeFiles/arch.dir/home/lawson/openvela/vendor/sifli/chips/sf32lb52/ipc_queue/common/ipc_hw.c.o
[104/2236] Building C object arch/CMakeFiles/arch.dir/home/lawson/openvela/vendor/sifli/chips/sf32lb52/ipc_queue/common/ipc_queue.c.o
[105/2236] Building C object arch/CMakeFiles/arch.dir/arm/src/common/arm_lowputs.c.o
[106/2236] Building C object arch/CMakeFiles/arch.dir/arm/src/common/arm_nputs.c.o
[107/2236] Building C object arch/CMakeFiles/arch.dir/home/lawson/openvela/vendor/sifli/chips/sf32lb52/ipc_queue/porting/sf32lb52x/hcpu/ipc_hw_port.c.o
[108/2236] Building C object arch/CMakeFiles/arch.dir/arm/src/common/arm_modifyreg.c.o
[109/2236] Building ASM object arch/CMakeFiles/arch.dir/arm/src/common/gnu/fork.S.o
[110/2236] Building C object arch/CMakeFiles/arch.dir/arm/src/common/arm_releasestack.c.o
[111/2236] Building ASM object arch/CMakeFiles/arch.dir/arm/src/arm_m/arm_exception.S.o
[112/2236] Building ASM object arch/CMakeFiles/arch.dir/arm/src/arm_m/arm_saveusercontext.S.o
[113/2236] Building C object arch/CMakeFiles/arch.dir/arm/src/common/arm_registerdump.c.o
[114/2236] Building C object arch/CMakeFiles/arch.dir/arm/src/common/arm_stackframe.c.o
[115/2236] Building C object arch/CMakeFiles/arch.dir/arm/src/common/arm_usestack.c.o
[116/2236] Building C object arch/CMakeFiles/arch.dir/arm/src/common/arm_idle.c.o
[117/2236] Building C object arch/CMakeFiles/arch.dir/arm/src/common/arm_fork.c.o
[118/2236] Building C object arch/CMakeFiles/arch.dir/arm/src/common/arm_poweroff.c.o
[119/2236] Building C object arch/CMakeFiles/arch.dir/arm/src/arm_m/arm_tcbinfo.c.o
[120/2236] Building C object arch/CMakeFiles/arch.dir/arm/src/common/arm_backtrace_unwind.c.o
[121/2236] Building C object arch/CMakeFiles/arch.dir/arm/src/arm_m/arm_systemreset.c.o
[122/2236] Building C object arch/CMakeFiles/arch.dir/arm/src/arm_m/arm_busfault.c.o
[123/2236] Building C object arch/CMakeFiles/arch.dir/arm/src/arm_m/arm_hardfault.c.o
[124/2236] Building C object arch/CMakeFiles/arch.dir/arm/src/arm_m/arm_trigger_irq.c.o
[125/2236] Building C object arch/CMakeFiles/arch.dir/arm/src/arm_m/arm_usagefault.c.o
[126/2236] Building C object arch/CMakeFiles/arch.dir/arm/src/arm_m/arm_memfault.c.o
[127/2236] Building C object arch/CMakeFiles/arch.dir/arm/src/arm_m/arm_securefault.c.o
[128/2236] Building C object arch/CMakeFiles/arch.dir/arm/src/arm_m/arm_systick.c.o
[129/2236] Building C object arch/CMakeFiles/arch.dir/arm/src/arm_m/arm_vectors.c.o
[130/2236] Building C object arch/arm/src/common/CMakeFiles/STARTUP_OBJS.dir/crt0.c.o
[131/2236] Building C object arch/CMakeFiles/arch.dir/arm/src/arm_m/arm_sigdeliver.c.o
[132/2236] Building C object arch/CMakeFiles/arch.dir/arm/src/arm_m/arm_schedulesigaction.c.o
[133/2236] Building C object binfmt/CMakeFiles/binfmt.dir/binfmt_globals.c.o
[134/2236] Building C object audio/CMakeFiles/audio.dir/pcm_decode.c.o
[135/2236] Building C object binfmt/CMakeFiles/binfmt.dir/binfmt_register.c.o
[136/2236] Building C object binfmt/CMakeFiles/binfmt.dir/binfmt_initialize.c.o
[137/2236] Building C object binfmt/CMakeFiles/binfmt.dir/binfmt_unregister.c.o
[138/2236] Building C object binfmt/CMakeFiles/binfmt.dir/binfmt_loadmodule.c.o
[139/2236] Building C object binfmt/CMakeFiles/binfmt.dir/binfmt_unloadmodule.c.o
[140/2236] Building C object audio/CMakeFiles/audio.dir/audio.c.o
[141/2236] Linking C static library audio/libaudio.a
[142/2236] Building C object binfmt/CMakeFiles/binfmt.dir/binfmt_copyattr.c.o
[143/2236] Building C object binfmt/CMakeFiles/binfmt.dir/binfmt_copyactions.c.o
[144/2236] Building C object binfmt/CMakeFiles/binfmt.dir/binfmt_exit.c.o
[145/2236] Building C object binfmt/CMakeFiles/binfmt.dir/binfmt_execmodule.c.o
[146/2236] Building C object binfmt/CMakeFiles/binfmt.dir/binfmt_dumpmodule.c.o
[147/2236] Building C object binfmt/CMakeFiles/binfmt.dir/binfmt_exec.c.o
[148/2236] Building C object binfmt/CMakeFiles/binfmt.dir/binfmt_copyargv.c.o
[149/2236] Building C object binfmt/CMakeFiles/binfmt.dir/elf.c.o
[150/2236] Building C object binfmt/CMakeFiles/binfmt.dir/builtin.c.o
[151/2236] Building C object drivers/CMakeFiles/drivers.dir/bch/bchlib_teardown.c.o
[152/2236] Building C object drivers/CMakeFiles/drivers.dir/bch/bchlib_setup.c.o
[153/2236] Building C object drivers/CMakeFiles/drivers.dir/bch/bchlib_read.c.o
[154/2236] Linking C static library binfmt/libbinfmt.a
[155/2236] Building C object drivers/CMakeFiles/drivers.dir/bch/bchlib_write.c.o
[156/2236] Building C object drivers/CMakeFiles/drivers.dir/analog/adc.c.o
[157/2236] Building C object drivers/CMakeFiles/drivers.dir/i2c/i2c_read.c.o
[158/2236] Building C object drivers/CMakeFiles/drivers.dir/i2c/i2c_write.c.o
[159/2236] Building C object drivers/CMakeFiles/drivers.dir/bch/bchlib_cache.c.o
[160/2236] Building C object drivers/CMakeFiles/drivers.dir/bch/bchdev_register.c.o
[161/2236] Building C object drivers/CMakeFiles/drivers.dir/bch/bchdev_unregister.c.o
[162/2236] Building C object drivers/CMakeFiles/drivers.dir/i2c/i2c_writeread.c.o
[163/2236] Building C object drivers/CMakeFiles/drivers.dir/bch/bchdev_driver.c.o
[164/2236] Building C object drivers/CMakeFiles/drivers.dir/crypto/dev_urandom.c.o
[165/2236] Building C object drivers/CMakeFiles/drivers.dir/i2c/i2c_bitbang.c.o
[166/2236] Building C object drivers/CMakeFiles/drivers.dir/i2c/i2c_driver.c.o
[167/2236] Building C object drivers/CMakeFiles/drivers.dir/input/touchscreen_upper.c.o
[168/2236] Building C object drivers/CMakeFiles/drivers.dir/input/button_upper.c.o
[169/2236] Building C object drivers/CMakeFiles/drivers.dir/lcd/lcd_framebuffer.c.o
[170/2236] Building C object drivers/CMakeFiles/drivers.dir/ioexpander/gpio.c.o
[171/2236] Building C object drivers/CMakeFiles/drivers.dir/lcd/lcd_dev.c.o
[172/2236] Building C object drivers/CMakeFiles/drivers.dir/loop/losetup.c.o
[173/2236] Building C object drivers/CMakeFiles/drivers.dir/misc/dev_null.c.o
[174/2236] Building C object drivers/CMakeFiles/drivers.dir/misc/mkrd.c.o
[175/2236] Building C object drivers/CMakeFiles/drivers.dir/misc/ramdisk.c.o
[176/2236] Building C object drivers/CMakeFiles/drivers.dir/mmcsd/mmcsd_debug.c.o
[177/2236] Building C object drivers/CMakeFiles/drivers.dir/pipes/fifo.c.o
[178/2236] Building C object drivers/CMakeFiles/drivers.dir/mmcsd/mmcsd_spi.c.o
[179/2236] Building C object drivers/CMakeFiles/drivers.dir/pipes/pipe.c.o
[180/2236] Building C object drivers/CMakeFiles/drivers.dir/mtd/ftl.c.o
[181/2236] Linking C static library arch/libarch.a
[182/2236] Building C object drivers/CMakeFiles/drivers.dir/spi/spi_transfer.c.o
[183/2236] Building C object drivers/CMakeFiles/drivers.dir/pipes/pipe_common.c.o
[184/2236] Building C object drivers/CMakeFiles/drivers.dir/sensors/sensor.c.o
[185/2236] Building C object drivers/CMakeFiles/drivers.dir/serial/serial_io.c.o
[186/2236] Building C object drivers/CMakeFiles/drivers.dir/serial/serial_dma.c.o
[187/2236] Building C object drivers/CMakeFiles/drivers.dir/sensors/lsm6dsl.c.o
[188/2236] Building C object drivers/CMakeFiles/drivers.dir/serial/serial.c.o
[189/2236] Building C object drivers/CMakeFiles/drivers.dir/spi/spi_driver.c.o
[190/2236] Building C object drivers/CMakeFiles/drivers.dir/syslog/syslog_initialize.c.o
[191/2236] Building C object drivers/CMakeFiles/drivers.dir/syslog/syslog_flush.c.o
[192/2236] Building C object drivers/CMakeFiles/drivers.dir/syslog/syslog_write.c.o
[193/2236] Building C object drivers/CMakeFiles/drivers.dir/syslog/setlogmask.c.o
[194/2236] Building C object drivers/CMakeFiles/drivers.dir/syslog/vsyslog.c.o
[195/2236] Building C object drivers/CMakeFiles/drivers.dir/syslog/syslog_channel.c.o
[196/2236] Building C object drivers/CMakeFiles/drivers.dir/timers/arch_rtc.c.o
[197/2236] Building C object drivers/CMakeFiles/drivers.dir/timers/watchdog.c.o
[198/2236] Building C object drivers/CMakeFiles/drivers.dir/timers/arch_timer.c.o
[199/2236] Building C object drivers/CMakeFiles/drivers.dir/timers/timer.c.o
[200/2236] Building C object drivers/CMakeFiles/drivers.dir/timers/rtc.c.o
[201/2236] Building C object drivers/CMakeFiles/drivers.dir/usbdev/cdcacm_desc.c.o
[202/2236] Building C object drivers/CMakeFiles/drivers.dir/timers/pwm.c.o
[203/2236] Building C object drivers/CMakeFiles/drivers.dir/usbdev/usbdev_desc.c.o
[204/2236] Building C object drivers/CMakeFiles/drivers.dir/usbdev/cdcacm.c.o
[205/2236] Building C object drivers/CMakeFiles/drivers.dir/usbdev/usbdev_req.c.o
[206/2236] Building C object drivers/CMakeFiles/drivers.dir/wireless/bluetooth/bt_driver.c.o
[207/2236] Building C object drivers/CMakeFiles/drivers.dir/usbdev/usbdev_trprintf.c.o
[208/2236] Building C object drivers/CMakeFiles/drivers.dir/usbdev/composite.c.o
[209/2236] Building C object drivers/CMakeFiles/drivers.dir/usbdev/usbdev_trace.c.o
[210/2236] Building C object drivers/CMakeFiles/drivers.dir/video/fb.c.o
[211/2236] Building C object drivers/CMakeFiles/drivers.dir/drivers_initialize.c.o
[212/2236] Building C object fs/CMakeFiles/fs.dir/fs_heap.c.o
[213/2236] Building C object fs/CMakeFiles/fs.dir/driver/fs_unregisterdriver.c.o
[214/2236] Building C object fs/CMakeFiles/fs.dir/fs_initialize.c.o
[215/2236] Building C object fs/CMakeFiles/fs.dir/driver/fs_registerdriver.c.o
[216/2236] Building C object fs/CMakeFiles/fs.dir/driver/fs_registerpipedriver.c.o
[217/2236] Building C object fs/CMakeFiles/fs.dir/driver/fs_unregisterpipedriver.c.o
[218/2236] Building C object fs/CMakeFiles/fs.dir/driver/fs_unregisterblockdriver.c.o
[219/2236] Building C object fs/CMakeFiles/fs.dir/driver/fs_registerblockdriver.c.o
[220/2236] Building C object fs/CMakeFiles/fs.dir/driver/fs_findblockdriver.c.o
[221/2236] Building C object fs/CMakeFiles/fs.dir/driver/fs_openblockdriver.c.o
[222/2236] Building C object fs/CMakeFiles/fs.dir/driver/fs_closeblockdriver.c.o
[223/2236] Building C object fs/CMakeFiles/fs.dir/driver/fs_blockpartition.c.o
[224/2236] Building C object fs/CMakeFiles/fs.dir/driver/fs_findmtddriver.c.o
[225/2236] Building C object drivers/CMakeFiles/drivers.dir/home/lawson/openvela/vendor/sifli/boards/sf32lb52/drivers/input/ft6146.c.o
[226/2236] Building C object fs/CMakeFiles/fs.dir/driver/fs_blockmerge.c.o
[227/2236] Building C object fs/CMakeFiles/fs.dir/driver/fs_closemtddriver.c.o
[228/2236] Building C object fs/CMakeFiles/fs.dir/driver/fs_registermtddriver.c.o
[229/2236] Building C object drivers/CMakeFiles/drivers.dir/home/lawson/openvela/vendor/sifli/boards/sf32lb52/drivers/lcd/co5300.c.o
[230/2236] Building C object fs/CMakeFiles/fs.dir/driver/fs_unregistermtddriver.c.o
[231/2236] Building C object fs/CMakeFiles/fs.dir/driver/fs_mtdproxy.c.o
[232/2236] Building C object fs/CMakeFiles/fs.dir/fat/fs_fat32dirent.c.o
[233/2236] Building C object drivers/CMakeFiles/drivers.dir/home/lawson/openvela/vendor/sifli/boards/sf32lb52/drivers/lcd/sf32lb_lcd.c.o
[234/2236] Building C object fs/CMakeFiles/fs.dir/driver/fs_blockproxy.c.o
[235/2236] Building C object fs/CMakeFiles/fs.dir/fat/fs_fat32attrib.c.o
[236/2236] Building C object fs/CMakeFiles/fs.dir/fat/fs_fat32.c.o
[237/2236] Building C object fs/CMakeFiles/fs.dir/inode/fs_foreachinode.c.o
[238/2236] Building C object fs/CMakeFiles/fs.dir/inode/fs_inodebasename.c.o
[239/2236] Building C object fs/CMakeFiles/fs.dir/inode/fs_inodeaddref.c.o
[240/2236] Building C object fs/CMakeFiles/fs.dir/inode/fs_inode.c.o
[241/2236] Building C object fs/CMakeFiles/fs.dir/inode/fs_files.c.o
[242/2236] Linking C static library drivers/libdrivers.a
[243/2236] Building C object fs/CMakeFiles/fs.dir/inode/fs_inodefind.c.o
[244/2236] Building C object fs/CMakeFiles/fs.dir/fat/fs_fat32util.c.o
[245/2236] Building C object fs/CMakeFiles/fs.dir/inode/fs_inodefree.c.o
[246/2236] Building C object fs/CMakeFiles/fs.dir/inode/fs_inodegetpath.c.o
[247/2236] Building C object fs/CMakeFiles/fs.dir/inode/fs_inoderelease.c.o
[248/2236] Building C object fs/CMakeFiles/fs.dir/inode/fs_inoderemove.c.o
[249/2236] Building C object fs/CMakeFiles/fs.dir/inode/fs_inodereserve.c.o
[250/2236] Building C object fs/CMakeFiles/fs.dir/mmap/fs_mmisc.c.o
[251/2236] Building C object fs/CMakeFiles/fs.dir/inode/fs_inodesearch.c.o
[252/2236] Building C object fs/CMakeFiles/fs.dir/littlefs/littlefs/lfs_util.c.o
[253/2236] Building C object fs/CMakeFiles/fs.dir/mmap/fs_mmap.c.o
[254/2236] Building C object fs/CMakeFiles/fs.dir/mmap/fs_munmap.c.o
[255/2236] Building C object fs/CMakeFiles/fs.dir/littlefs/lfs_vfs.c.o
[256/2236] Building C object fs/CMakeFiles/fs.dir/mmap/fs_msync.c.o
[257/2236] Building C object fs/CMakeFiles/fs.dir/mmap/fs_anonmap.c.o
[258/2236] Building C object fs/CMakeFiles/fs.dir/mount/fs_mount.c.o
[259/2236] Building C object fs/CMakeFiles/fs.dir/mount/fs_gettype.c.o
[260/2236] Building C object fs/CMakeFiles/fs.dir/mount/fs_umount2.c.o
[261/2236] Building C object fs/CMakeFiles/fs.dir/mount/fs_foreachmountpoint.c.o
[262/2236] Building C object fs/CMakeFiles/fs.dir/mount/fs_procfs_mount.c.o
[263/2236] Building C object fs/CMakeFiles/fs.dir/mqueue/mq_unlink.c.o
[264/2236] Building C object fs/CMakeFiles/fs.dir/mqueue/mq_close.c.o
[265/2236] Building C object fs/CMakeFiles/fs.dir/mqueue/mq_open.c.o
[266/2236] Building C object fs/CMakeFiles/fs.dir/partition/fs_partition.c.o
[267/2236] Building C object fs/CMakeFiles/fs.dir/procfs/fs_procfscpuinfo.c.o
[268/2236] Building C object fs/CMakeFiles/fs.dir/procfs/fs_procfscpuload.c.o
[269/2236] Building C object fs/CMakeFiles/fs.dir/procfs/fs_procfs.c.o
[270/2236] Building C object fs/CMakeFiles/fs.dir/procfs/fs_procfsfdt.c.o
[271/2236] Building C object fs/CMakeFiles/fs.dir/procfs/fs_procfscritmon.c.o
[272/2236] Building C object fs/CMakeFiles/fs.dir/procfs/fs_procfsiobinfo.c.o
[273/2236] Building C object fs/CMakeFiles/fs.dir/littlefs/littlefs/lfs.c.o
[274/2236] Building C object fs/CMakeFiles/fs.dir/procfs/fs_procfsmeminfo.c.o
[275/2236] Building C object fs/CMakeFiles/fs.dir/procfs/fs_procfsuptime.c.o
[276/2236] Building C object fs/CMakeFiles/fs.dir/procfs/fs_procfstcbinfo.c.o
[277/2236] Building C object fs/CMakeFiles/fs.dir/procfs/fs_procfsutil.c.o
[278/2236] Building C object fs/CMakeFiles/fs.dir/procfs/fs_procfsproc.c.o
[279/2236] Building C object fs/CMakeFiles/fs.dir/semaphore/sem_open.c.o
[280/2236] Building C object fs/CMakeFiles/fs.dir/romfs/fs_romfs.c.o
[281/2236] Building C object fs/CMakeFiles/fs.dir/romfs/fs_romfsutil.c.o
[282/2236] Building C object fs/CMakeFiles/fs.dir/procfs/fs_procfsversion.c.o
[283/2236] Building C object fs/CMakeFiles/fs.dir/semaphore/sem_close.c.o
[284/2236] Building C object fs/CMakeFiles/fs.dir/semaphore/sem_unlink.c.o
[285/2236] Building C object fs/CMakeFiles/fs.dir/vfs/fs_chstat.c.o
[286/2236] Building C object fs/CMakeFiles/fs.dir/vfs/fs_close.c.o
[287/2236] Building C object fs/CMakeFiles/fs.dir/vfs/fs_dup3.c.o
[288/2236] Building C object fs/CMakeFiles/fs.dir/vfs/fs_fcntl.c.o
[289/2236] Building C object fs/CMakeFiles/fs.dir/vfs/fs_dup.c.o
[290/2236] Building C object fs/CMakeFiles/fs.dir/vfs/fs_dup2.c.o
[291/2236] Building C object fs/CMakeFiles/fs.dir/tmpfs/fs_tmpfs.c.o
[292/2236] Building C object fs/CMakeFiles/fs.dir/vfs/fs_fstatfs.c.o
[293/2236] Building C object fs/CMakeFiles/fs.dir/vfs/fs_fchstat.c.o
[294/2236] Building C object fs/CMakeFiles/fs.dir/vfs/fs_fstat.c.o
[295/2236] Building C object fs/CMakeFiles/fs.dir/vfs/fs_lseek.c.o
[296/2236] Building C object fs/CMakeFiles/fs.dir/vfs/fs_ioctl.c.o
[297/2236] Building C object fs/CMakeFiles/fs.dir/vfs/fs_mkdir.c.o
[298/2236] Building C object fs/CMakeFiles/fs.dir/vfs/fs_open.c.o
[299/2236] Building C object fs/CMakeFiles/fs.dir/vfs/fs_epoll.c.o
[300/2236] Building C object fs/CMakeFiles/fs.dir/vfs/fs_pread.c.o
[301/2236] Building C object fs/CMakeFiles/fs.dir/vfs/fs_pwrite.c.o
[302/2236] Building C object fs/CMakeFiles/fs.dir/vfs/fs_read.c.o
[303/2236] Building C object fs/CMakeFiles/fs.dir/vfs/fs_rmdir.c.o
[304/2236] Building C object fs/CMakeFiles/fs.dir/vfs/fs_poll.c.o
[305/2236] Building C object fs/CMakeFiles/fs.dir/vfs/fs_rename.c.o
[306/2236] Building C object fs/CMakeFiles/fs.dir/vfs/fs_select.c.o
[307/2236] Building C object fs/CMakeFiles/fs.dir/vfs/fs_uio.c.o
[308/2236] Building C object fs/CMakeFiles/fs.dir/vfs/fs_statfs.c.o
[309/2236] Building C object fs/CMakeFiles/fs.dir/vfs/fs_stat.c.o
[310/2236] Building C object fs/CMakeFiles/fs.dir/vfs/fs_sendfile.c.o
[311/2236] Building C object fs/CMakeFiles/fs.dir/vfs/fs_unlink.c.o
[312/2236] Building C object fs/CMakeFiles/fs.dir/vfs/fs_write.c.o
[313/2236] Building C object fs/CMakeFiles/fs.dir/vfs/fs_dir.c.o
[314/2236] Building C object fs/CMakeFiles/fs.dir/vfs/fs_fsync.c.o
[315/2236] Building C object fs/CMakeFiles/fs.dir/vfs/fs_syncfs.c.o
[316/2236] Building C object fs/CMakeFiles/fs.dir/vfs/fs_link.c.o
[317/2236] Building C object libs/libc/CMakeFiles/c.dir/assert/lib_stackchk.c.o
[318/2236] Building C object fs/CMakeFiles/fs.dir/vfs/fs_truncate.c.o
[319/2236] Building C object fs/CMakeFiles/fs.dir/vfs/fs_symlink.c.o
[320/2236] Building C object fs/CMakeFiles/fs.dir/vfs/fs_readlink.c.o
[321/2236] Building C object libs/libc/CMakeFiles/c.dir/assert/lib_assert.c.o
[322/2236] Building C object libs/libc/CMakeFiles/c.dir/builtin/lib_builtin_getname.c.o
[323/2236] Building C object libs/libc/CMakeFiles/c.dir/builtin/lib_builtin_isavail.c.o
[324/2236] Building C object fs/CMakeFiles/fs.dir/vfs/fs_lock.c.o
[325/2236] Building C object libs/libc/CMakeFiles/c.dir/builtin/lib_builtin_forindex.c.o
[326/2236] Building C object libs/libc/CMakeFiles/c.dir/ctype/lib_isalnum.c.o
[327/2236] Building C object libs/libc/CMakeFiles/c.dir/ctype/lib_isalpha.c.o
[328/2236] Building C object libs/libc/CMakeFiles/c.dir/ctype/lib_isascii.c.o
[329/2236] Building C object libs/libc/CMakeFiles/c.dir/audio/lib_buffer.c.o
[330/2236] Building C object libs/libc/CMakeFiles/c.dir/ctype/lib_isblank.c.o
[331/2236] Building C object libs/libc/CMakeFiles/c.dir/ctype/lib_isgraph.c.o
[332/2236] Building C object libs/libc/CMakeFiles/c.dir/ctype/lib_iscntrl.c.o
[333/2236] Building C object libs/libc/CMakeFiles/c.dir/ctype/lib_isdigit.c.o
[334/2236] Building C object libs/libc/CMakeFiles/c.dir/ctype/lib_islower.c.o
[335/2236] Building C object libs/libc/CMakeFiles/c.dir/ctype/lib_ispunct.c.o
[336/2236] Building C object libs/libc/CMakeFiles/c.dir/ctype/lib_isspace.c.o
[337/2236] Building C object libs/libc/CMakeFiles/c.dir/ctype/lib_isupper.c.o
[338/2236] Building C object libs/libc/CMakeFiles/c.dir/ctype/lib_isxdigit.c.o
[339/2236] Building C object libs/libc/CMakeFiles/c.dir/ctype/lib_isprint.c.o
[340/2236] Building C object libs/libc/CMakeFiles/c.dir/ctype/lib_tolower.c.o
[341/2236] Building C object libs/libc/CMakeFiles/c.dir/ctype/lib_ctype.c.o
[342/2236] Building C object libs/libc/CMakeFiles/c.dir/ctype/lib_toupper.c.o
[343/2236] Linking C static library fs/libfs.a
[344/2236] Building C object libs/libc/CMakeFiles/c.dir/dirent/lib_alphasort.c.o
[345/2236] Building C object libs/libc/CMakeFiles/c.dir/dirent/lib_readdirr.c.o
[346/2236] Building C object libs/libc/CMakeFiles/c.dir/dirent/lib_ftw.c.o
[347/2236] Building C object libs/libc/CMakeFiles/c.dir/dirent/lib_scandir.c.o
[348/2236] Building C object libs/libc/CMakeFiles/c.dir/dirent/lib_telldir.c.o
[349/2236] Building C object libs/libc/CMakeFiles/c.dir/dirent/lib_opendir.c.o
[350/2236] Building C object libs/libc/CMakeFiles/c.dir/dirent/lib_fdopendir.c.o
[351/2236] Building C object libs/libc/CMakeFiles/c.dir/dirent/lib_nftw.c.o
[352/2236] Building C object libs/libc/CMakeFiles/c.dir/dirent/lib_dirfd.c.o
[353/2236] Building C object libs/libc/CMakeFiles/c.dir/dirent/lib_closedir.c.o
[354/2236] Building C object libs/libc/CMakeFiles/c.dir/dirent/lib_versionsort.c.o
[355/2236] Building C object libs/libc/CMakeFiles/c.dir/dirent/lib_readdir.c.o
[356/2236] Building C object libs/libc/CMakeFiles/c.dir/dlfcn/lib_dlfind_object.c.o
[357/2236] Building C object libs/libc/CMakeFiles/c.dir/dirent/lib_seekdir.c.o
[358/2236] Building C object libs/libc/CMakeFiles/c.dir/dirent/lib_rewinddir.c.o
[359/2236] Building C object libs/libc/CMakeFiles/c.dir/elf/elf_addrenv.c.o
[360/2236] Building C object libs/libc/CMakeFiles/c.dir/elf/elf_iobuffer.c.o
[361/2236] Building C object libs/libc/CMakeFiles/c.dir/elf/elf_depend.c.o
[362/2236] Building C object libs/libc/CMakeFiles/c.dir/elf/elf_init.c.o
[363/2236] Building C object libs/libc/CMakeFiles/c.dir/elf/elf_bind.c.o
[364/2236] Building C object libs/libc/CMakeFiles/c.dir/elf/elf_loadhdrs.c.o
[365/2236] Building C object libs/libc/CMakeFiles/c.dir/elf/elf_load.c.o
[366/2236] Building C object libs/libc/CMakeFiles/c.dir/elf/elf_verify.c.o
[367/2236] Building C object libs/libc/CMakeFiles/c.dir/elf/elf_symtab.c.o
[368/2236] Building C object libs/libc/CMakeFiles/c.dir/elf/elf_read.c.o
[369/2236] Building C object libs/libc/CMakeFiles/c.dir/elf/elf_sections.c.o
[370/2236] Building C object libs/libc/CMakeFiles/c.dir/elf/elf_registry.c.o
[371/2236] Building C object libs/libc/CMakeFiles/c.dir/elf/elf_uninit.c.o
[372/2236] Building C object libs/libc/CMakeFiles/c.dir/elf/elf_unload.c.o
[373/2236] Building ASM object libs/libc/CMakeFiles/c.dir/elf/elf_globals.S.o
[374/2236] Building C object libs/libc/CMakeFiles/c.dir/elf/elf_gethandle.c.o
[375/2236] Building C object libs/libc/CMakeFiles/c.dir/elf/elf_symbols.c.o
[376/2236] Building C object libs/libc/CMakeFiles/c.dir/elf/elf_getsymbol.c.o
[377/2236] Building C object libs/libc/CMakeFiles/c.dir/elf/elf_insert.c.o
[378/2236] Building C object libs/libc/CMakeFiles/c.dir/elf/elf_remove.c.o
[379/2236] Building C object libs/libc/CMakeFiles/c.dir/environ/env_getenvironptr.c.o
[380/2236] Building C object libs/libc/CMakeFiles/c.dir/environ/env_release.c.o
[381/2236] Building C object libs/libc/CMakeFiles/c.dir/environ/env_removevar.c.o
[382/2236] Building C object libs/libc/CMakeFiles/c.dir/environ/env_findvar.c.o
[383/2236] Building C object libs/libc/CMakeFiles/c.dir/environ/env_dup.c.o
[384/2236] Building C object libs/libc/CMakeFiles/c.dir/environ/env_clearenv.c.o
[385/2236] Building C object libs/libc/CMakeFiles/c.dir/environ/env_putenv.c.o
[386/2236] Building C object libs/libc/CMakeFiles/c.dir/fixedmath/lib_fixedmath.c.o
[387/2236] Building C object libs/libc/CMakeFiles/c.dir/environ/env_getenv.c.o
[388/2236] Building C object libs/libc/CMakeFiles/c.dir/fixedmath/lib_b16sin.c.o
[389/2236] Building C object libs/libc/CMakeFiles/c.dir/errno/lib_errno.c.o
[390/2236] Building C object libs/libc/CMakeFiles/c.dir/fixedmath/lib_b16cos.c.o
[391/2236] Building C object libs/libc/CMakeFiles/c.dir/environ/env_foreach.c.o
[392/2236] Building C object libs/libc/CMakeFiles/c.dir/environ/env_setenv.c.o
[393/2236] Building C object libs/libc/CMakeFiles/c.dir/environ/env_unsetenv.c.o
[394/2236] Building C object libs/libc/CMakeFiles/c.dir/fixedmath/lib_ubsqrt.c.o
[395/2236] Building C object libs/libc/CMakeFiles/c.dir/grp/lib_getgrgidr.c.o
[396/2236] Building C object libs/libc/CMakeFiles/c.dir/fixedmath/lib_b16atan2.c.o
[397/2236] Building C object libs/libc/CMakeFiles/c.dir/grp/lib_getgrgid.c.o
[398/2236] Building C object libs/libc/CMakeFiles/c.dir/grp/lib_getgrnam.c.o
[399/2236] Building C object libs/libc/CMakeFiles/c.dir/grp/lib_initgroups.c.o
[400/2236] Building C object libs/libc/CMakeFiles/c.dir/grp/lib_getgrnamr.c.o
[401/2236] Building C object libs/libc/CMakeFiles/c.dir/inttypes/lib_imaxabs.c.o
[402/2236] Building C object libs/libc/CMakeFiles/c.dir/grp/lib_getgrbufr.c.o
[403/2236] Building C object libs/libc/CMakeFiles/c.dir/inttypes/lib_imaxdiv.c.o
[404/2236] Building C object libs/libc/CMakeFiles/c.dir/libgen/lib_basename.c.o
[405/2236] Building C object libs/libc/CMakeFiles/c.dir/inttypes/lib_strtoimax.c.o
[406/2236] Building C object libs/libc/CMakeFiles/c.dir/grp/lib_getgrbuf.c.o
[407/2236] Building C object libs/libc/CMakeFiles/c.dir/libgen/lib_dirname.c.o
[408/2236] Building C object libs/libc/CMakeFiles/c.dir/inttypes/lib_strtoumax.c.o
[409/2236] Building C object libs/libc/CMakeFiles/c.dir/machine/arm/aeabi_memclr4.c.o
[410/2236] Building C object libs/libc/CMakeFiles/c.dir/machine/arm/aeabi_memclr.c.o
[411/2236] Building C object libs/libc/CMakeFiles/c.dir/machine/arm/armv8-m/arch_elf.c.o
[412/2236] Building C object libs/libc/CMakeFiles/c.dir/machine/arm/aeabi_memclr8.c.o
[413/2236] Building C object libs/libc/CMakeFiles/c.dir/machine/arm/aeabi_memcpy4.c.o
[414/2236] Building C object libs/libc/CMakeFiles/c.dir/machine/arm/aeabi_memmove.c.o
[415/2236] Building C object libs/libc/CMakeFiles/c.dir/machine/arm/aeabi_memcpy8.c.o
[416/2236] Building C object libs/libc/CMakeFiles/c.dir/machine/arm/aeabi_memcpy.c.o
[417/2236] Building C object libs/libc/CMakeFiles/c.dir/machine/arm/aeabi_memmove8.c.o
[418/2236] Building C object libs/libc/CMakeFiles/c.dir/machine/arm/aeabi_memset.c.o
[419/2236] Building ASM object libs/libc/CMakeFiles/c.dir/machine/arm/arch_setjmp.S.o
[420/2236] Building C object libs/libc/CMakeFiles/c.dir/machine/arm/aeabi_memmove4.c.o
[421/2236] Building C object libs/libc/CMakeFiles/c.dir/machine/arm/aeabi_memset4.c.o
[422/2236] Building C object libs/libc/CMakeFiles/c.dir/machine/arm/aeabi_memset8.c.o
[423/2236] Building C object libs/libc/CMakeFiles/c.dir/machine/arm/arch_atexit.c.o
[424/2236] Building C object libs/libc/CMakeFiles/c.dir/misc/lib_creat.c.o
[425/2236] Building C object libs/libc/CMakeFiles/c.dir/misc/lib_bitmap.c.o
[426/2236] Building C object libs/libc/CMakeFiles/c.dir/misc/lib_xorshift128.c.o
[427/2236] Building C object libs/libc/CMakeFiles/c.dir/misc/lib_tea_encrypt.c.o
[428/2236] Building C object libs/libc/CMakeFiles/c.dir/misc/lib_tea_decrypt.c.o
[429/2236] Building C object libs/libc/CMakeFiles/c.dir/misc/lib_umask.c.o
[430/2236] Building C object libs/libc/CMakeFiles/c.dir/misc/lib_mknod.c.o
[431/2236] Building C object libs/libc/CMakeFiles/c.dir/misc/lib_utsname.c.o
[432/2236] Building C object libs/libc/CMakeFiles/c.dir/misc/lib_circbuf.c.o
[433/2236] Building C object libs/libc/CMakeFiles/c.dir/misc/lib_getrandom.c.o
[434/2236] Building C object libs/libc/CMakeFiles/c.dir/misc/lib_impure.c.o
[435/2236] Building C object libs/libc/CMakeFiles/c.dir/misc/lib_fchmodat.c.o
[436/2236] Building C object libs/libc/CMakeFiles/c.dir/misc/lib_fstatat.c.o
[437/2236] Building C object libs/libc/CMakeFiles/c.dir/misc/lib_cxx_initialize.c.o
[438/2236] Building C object libs/libc/CMakeFiles/c.dir/misc/lib_memfd.c.o
[439/2236] Building C object libs/libc/CMakeFiles/c.dir/misc/lib_getfullpath.c.o
[440/2236] Building C object libs/libc/CMakeFiles/c.dir/misc/lib_openat.c.o
[441/2236] Building C object libs/libc/CMakeFiles/c.dir/misc/lib_mkdirat.c.o
[442/2236] Building C object libs/libc/CMakeFiles/c.dir/misc/lib_mallopt.c.o
[443/2236] Building C object libs/libc/CMakeFiles/c.dir/misc/lib_idr.c.o
[444/2236] Building C object libs/libc/CMakeFiles/c.dir/misc/lib_getnprocs.c.o
[445/2236] Building C object libs/libc/CMakeFiles/c.dir/misc/lib_utimensat.c.o
[446/2236] Building C object libs/libc/CMakeFiles/c.dir/misc/lib_ratelimit.c.o
[447/2236] Building C object libs/libc/CMakeFiles/c.dir/misc/lib_umul32.c.o
[448/2236] Building C object libs/libc/CMakeFiles/c.dir/misc/lib_sem_mutex_noinline.c.o
[449/2236] Building C object libs/libc/CMakeFiles/c.dir/misc/lib_umul64.c.o
[450/2236] Building C object libs/libc/CMakeFiles/c.dir/misc/lib_umul32x64.c.o
[451/2236] Building C object libs/libc/CMakeFiles/c.dir/misc/lib_uadd32x64.c.o
[452/2236] Building C object libs/libc/CMakeFiles/c.dir/misc/lib_uadd64.c.o
[453/2236] Building C object libs/libc/CMakeFiles/c.dir/misc/lib_usub64x32.c.o
[454/2236] Building C object libs/libc/CMakeFiles/c.dir/misc/lib_usub64.c.o
[455/2236] Building C object libs/libc/CMakeFiles/c.dir/misc/lib_tempbuffer.c.o
[456/2236] Building C object libs/libc/CMakeFiles/c.dir/misc/lib_mkfifo.c.o
[457/2236] Building C object libs/libc/CMakeFiles/c.dir/misc/lib_fnmatch.c.o
[458/2236] Building C object libs/libc/CMakeFiles/c.dir/misc/lib_crc64.c.o
[459/2236] Building C object libs/libc/CMakeFiles/c.dir/misc/lib_dumpbuffer.c.o
[460/2236] Building C object libs/libc/CMakeFiles/c.dir/misc/lib_crc32.c.o
[461/2236] Building C object libs/libc/CMakeFiles/c.dir/misc/lib_crc32h04c11db7.c.o
[462/2236] Building C object libs/libc/CMakeFiles/c.dir/misc/lib_crc64emac.c.o
[463/2236] Building C object libs/libc/CMakeFiles/c.dir/misc/lib_dumpvbuffer.c.o
[464/2236] Building C object libs/libc/CMakeFiles/c.dir/misc/lib_lrucache.c.o
[465/2236] Building C object libs/libc/CMakeFiles/c.dir/misc/lib_debug.c.o
[466/2236] Building C object libs/libc/CMakeFiles/c.dir/misc/lib_crc32hf4acfb13.c.o
[467/2236] Building C object libs/libc/CMakeFiles/c.dir/misc/lib_crc8.c.o
[468/2236] Building C object libs/libc/CMakeFiles/c.dir/misc/lib_crc16ccitt.c.o
[469/2236] Building C object libs/libc/CMakeFiles/c.dir/misc/lib_crc16.c.o
[470/2236] Building C object libs/libc/CMakeFiles/c.dir/misc/lib_crc16h8005.c.o
[471/2236] Building C object libs/libc/CMakeFiles/c.dir/misc/lib_crc8ccitt.c.o
[472/2236] Building C object libs/libc/CMakeFiles/c.dir/misc/lib_crc8h1d.c.o
[473/2236] Building C object libs/libc/CMakeFiles/c.dir/misc/lib_crc16h1021.c.o
[474/2236] Building C object libs/libc/CMakeFiles/c.dir/misc/lib_crc8h2f.c.o
[475/2236] Building C object libs/libc/CMakeFiles/c.dir/misc/lib_crc8rohc.c.o
[476/2236] Building C object libs/libc/CMakeFiles/c.dir/misc/lib_crc8table.c.o
[477/2236] Building C object libs/libc/CMakeFiles/c.dir/misc/lib_ftok.c.o
[478/2236] Building C object libs/libc/CMakeFiles/c.dir/misc/lib_instrument.c.o
[479/2236] Building C object libs/libc/CMakeFiles/c.dir/net/lib_base64.c.o
[480/2236] Building C object libs/libc/CMakeFiles/c.dir/misc/lib_glob.c.o
[481/2236] Building C object libs/libc/CMakeFiles/c.dir/net/lib_addrconfig.c.o
[482/2236] Building C object libs/libc/CMakeFiles/c.dir/misc/lib_backtrace.c.o
[483/2236] Building C object libs/libc/CMakeFiles/c.dir/misc/lib_err.c.o
[484/2236] Building C object libs/libc/CMakeFiles/c.dir/net/lib_htons.c.o
[485/2236] Building C object libs/libc/CMakeFiles/c.dir/net/lib_htonl.c.o
[486/2236] Building C object libs/libc/CMakeFiles/c.dir/misc/lib_fdcheck.c.o
[487/2236] Building C object libs/libc/CMakeFiles/c.dir/net/lib_htonq.c.o
[488/2236] Building C object libs/libc/CMakeFiles/c.dir/net/lib_inetaton.c.o
[489/2236] Building C object libs/libc/CMakeFiles/c.dir/net/lib_inetaddr.c.o
[490/2236] Building C object libs/libc/CMakeFiles/c.dir/net/lib_inetntop.c.o
[491/2236] Building C object libs/libc/CMakeFiles/c.dir/obstack/lib_obstack_alloc.c.o
[492/2236] Building C object libs/libc/CMakeFiles/c.dir/net/lib_inetpton.c.o
[493/2236] Building C object libs/libc/CMakeFiles/c.dir/net/lib_inetnetwork.c.o
[494/2236] Building C object libs/libc/CMakeFiles/c.dir/net/lib_inetntoa.c.o
[495/2236] Building C object libs/libc/CMakeFiles/c.dir/obstack/lib_obstack_copy.c.o
[496/2236] Building C object libs/libc/CMakeFiles/c.dir/obstack/lib_obstack_init.c.o
[497/2236] Building C object libs/libc/CMakeFiles/c.dir/obstack/lib_obstack_blank.c.o
[498/2236] Building C object libs/libc/CMakeFiles/c.dir/obstack/lib_obstack_grow.c.o
[499/2236] Building C object libs/libc/CMakeFiles/c.dir/obstack/lib_obstack_free.c.o
[500/2236] Building C object libs/libc/CMakeFiles/c.dir/obstack/lib_obstack_finish.c.o
[501/2236] Building C object libs/libc/CMakeFiles/c.dir/obstack/lib_obstack_object_size.c.o
[502/2236] Building C object libs/libc/CMakeFiles/c.dir/obstack/lib_obstack_room.c.o
[503/2236] Building C object libs/libc/CMakeFiles/c.dir/obstack/lib_obstack_printf.c.o
[504/2236] Building C object libs/libc/CMakeFiles/c.dir/obstack/lib_obstack_make_room.c.o
[505/2236] Building C object libs/libc/CMakeFiles/c.dir/obstack/lib_obstack_vprintf.c.o
[506/2236] Building C object libs/libc/CMakeFiles/c.dir/pthread/pthread_getspecific.c.o
[507/2236] Building C object libs/libc/CMakeFiles/c.dir/obstack/lib_obstack_malloc.c.o
[508/2236] Building C object libs/libc/CMakeFiles/c.dir/pthread/pthread_setspecific.c.o
[509/2236] Building C object libs/libc/CMakeFiles/c.dir/pthread/pthread_attr_init.c.o
[510/2236] Building C object libs/libc/CMakeFiles/c.dir/pthread/pthread_keycreate.c.o
[511/2236] Building C object libs/libc/CMakeFiles/c.dir/pthread/pthread_keydelete.c.o
[512/2236] Building C object libs/libc/CMakeFiles/c.dir/pthread/pthread_attr_destroy.c.o
[513/2236] Building C object libs/libc/CMakeFiles/c.dir/pthread/pthread_attr_setschedpolicy.c.o
[514/2236] Building C object libs/libc/CMakeFiles/c.dir/pthread/pthread_attr_setinheritsched.c.o
[515/2236] Building C object libs/libc/CMakeFiles/c.dir/pthread/pthread_attr_getschedpolicy.c.o
[516/2236] Building C object libs/libc/CMakeFiles/c.dir/pthread/pthread_attr_setdetachstate.c.o
[517/2236] Building C object libs/libc/CMakeFiles/c.dir/pthread/pthread_attr_getinheritsched.c.o
[518/2236] Building C object libs/libc/CMakeFiles/c.dir/pthread/pthread_attr_getdetachstate.c.o
[519/2236] Building C object libs/libc/CMakeFiles/c.dir/pthread/pthread_attr_setstackaddr.c.o
[520/2236] Building C object libs/libc/CMakeFiles/c.dir/pthread/pthread_attr_getstackaddr.c.o
[521/2236] Building C object libs/libc/CMakeFiles/c.dir/pthread/pthread_attr_setstacksize.c.o
[522/2236] Building C object libs/libc/CMakeFiles/c.dir/pthread/pthread_attr_getstacksize.c.o
[523/2236] Building C object libs/libc/CMakeFiles/c.dir/pthread/pthread_attr_setstack.c.o
[524/2236] Building C object libs/libc/CMakeFiles/c.dir/pthread/pthread_attr_getstack.c.o
[525/2236] Building C object libs/libc/CMakeFiles/c.dir/pthread/pthread_attr_setschedparam.c.o
[526/2236] Building C object libs/libc/CMakeFiles/c.dir/pthread/pthread_attr_setscope.c.o
[527/2236] Building C object libs/libc/CMakeFiles/c.dir/pthread/pthread_attr_getscope.c.o
[528/2236] Building C object libs/libc/CMakeFiles/c.dir/pthread/pthread_attr_getschedparam.c.o
[529/2236] Building C object libs/libc/CMakeFiles/c.dir/pthread/pthread_attr_setguardsize.c.o
[530/2236] Building C object libs/libc/CMakeFiles/c.dir/pthread/pthread_attr_getguardsize.c.o
[531/2236] Building C object libs/libc/CMakeFiles/c.dir/pthread/pthread_barrierattr_destroy.c.o
[532/2236] Building C object libs/libc/CMakeFiles/c.dir/pthread/pthread_barrierattr_setpshared.c.o
[533/2236] Building C object libs/libc/CMakeFiles/c.dir/pthread/pthread_barrierattr_getpshared.c.o
[534/2236] Building C object libs/libc/CMakeFiles/c.dir/pthread/pthread_barrierdestroy.c.o
[535/2236] Building C object libs/libc/CMakeFiles/c.dir/pthread/pthread_barrierattr_init.c.o
[536/2236] Building C object libs/libc/CMakeFiles/c.dir/pthread/pthread_barrierinit.c.o
[537/2236] Building C object libs/libc/CMakeFiles/c.dir/pthread/pthread_condattr_setclock.c.o
[538/2236] Building C object libs/libc/CMakeFiles/c.dir/pthread/pthread_condattr_getpshared.c.o
[539/2236] Building C object libs/libc/CMakeFiles/c.dir/pthread/pthread_condattr_destroy.c.o
[540/2236] Building C object libs/libc/CMakeFiles/c.dir/pthread/pthread_condattr_setpshared.c.o
[541/2236] Building C object libs/libc/CMakeFiles/c.dir/pthread/pthread_barrierwait.c.o
[542/2236] Building C object libs/libc/CMakeFiles/c.dir/pthread/pthread_condattr_init.c.o
[543/2236] Building C object libs/libc/CMakeFiles/c.dir/pthread/pthread_condattr_getclock.c.o
[544/2236] Building C object libs/libc/CMakeFiles/c.dir/pthread/pthread_condsignal.c.o
[545/2236] Building C object libs/libc/CMakeFiles/c.dir/pthread/pthread_condinit.c.o
[546/2236] Building C object libs/libc/CMakeFiles/c.dir/pthread/pthread_condtimedwait.c.o
[547/2236] Building C object libs/libc/CMakeFiles/c.dir/pthread/pthread_conddestroy.c.o
[548/2236] Building C object libs/libc/CMakeFiles/c.dir/pthread/pthread_condclockwait.c.o
[549/2236] Building C object libs/libc/CMakeFiles/c.dir/pthread/pthread_condbroadcast.c.o
[550/2236] Building C object libs/libc/CMakeFiles/c.dir/pthread/pthread_create.c.o
[551/2236] Building C object libs/libc/CMakeFiles/c.dir/pthread/pthread_equal.c.o
[552/2236] Building C object libs/libc/CMakeFiles/c.dir/pthread/pthread_kill.c.o
[553/2236] Building C object libs/libc/CMakeFiles/c.dir/pthread/pthread_exit.c.o
[554/2236] Building C object libs/libc/CMakeFiles/c.dir/pthread/pthread_setname_np.c.o
[555/2236] Building C object libs/libc/CMakeFiles/c.dir/pthread/pthread_condwait.c.o
[556/2236] Building C object libs/libc/CMakeFiles/c.dir/pthread/pthread_getname_np.c.o
[557/2236] Building C object libs/libc/CMakeFiles/c.dir/pthread/pthread_get_stackaddr_np.c.o
[558/2236] Building C object libs/libc/CMakeFiles/c.dir/pthread/pthread_get_stacksize_np.c.o
[559/2236] Building C object libs/libc/CMakeFiles/c.dir/pthread/pthread_mutexattr_destroy.c.o
[560/2236] Building C object libs/libc/CMakeFiles/c.dir/pthread/pthread_mutexattr_init.c.o
[561/2236] Building C object libs/libc/CMakeFiles/c.dir/pthread/pthread_mutexattr_getpshared.c.o
[562/2236] Building C object libs/libc/CMakeFiles/c.dir/pthread/pthread_mutexattr_setpshared.c.o
[563/2236] Building C object libs/libc/CMakeFiles/c.dir/pthread/pthread_mutexattr_getprotocol.c.o
[564/2236] Building C object libs/libc/CMakeFiles/c.dir/pthread/pthread_mutexattr_settype.c.o
[565/2236] Building C object libs/libc/CMakeFiles/c.dir/pthread/pthread_mutexattr_setprotocol.c.o
[566/2236] Building C object libs/libc/CMakeFiles/c.dir/pthread/pthread_mutexattr_gettype.c.o
[567/2236] Building C object libs/libc/CMakeFiles/c.dir/pthread/pthread_mutexattr_setrobust.c.o
[568/2236] Building C object libs/libc/CMakeFiles/c.dir/pthread/pthread_mutexattr_getrobust.c.o
[569/2236] Building C object libs/libc/CMakeFiles/c.dir/pthread/pthread_mutexattr_setprioceiling.c.o
[570/2236] Building C object libs/libc/CMakeFiles/c.dir/pthread/pthread_mutexattr_getprioceiling.c.o
[571/2236] Building C object libs/libc/CMakeFiles/c.dir/pthread/pthread_mutex_destroy.c.o
[572/2236] Building C object libs/libc/CMakeFiles/c.dir/pthread/pthread_mutex_getprioceiling.c.o
[573/2236] Building C object libs/libc/CMakeFiles/c.dir/pthread/pthread_mutex.c.o
[574/2236] Building C object libs/libc/CMakeFiles/c.dir/pthread/pthread_mutex_lock.c.o
[575/2236] Building C object libs/libc/CMakeFiles/c.dir/pthread/pthread_mutex_setprioceiling.c.o
[576/2236] Building C object libs/libc/CMakeFiles/c.dir/pthread/pthread_mutex_init.c.o
[577/2236] Building C object libs/libc/CMakeFiles/c.dir/pthread/pthread_mutex_timedlock.c.o
[578/2236] Building C object libs/libc/CMakeFiles/c.dir/pthread/pthread_mutex_trylock.c.o
[579/2236] Building C object libs/libc/CMakeFiles/c.dir/pthread/pthread_yield.c.o
[580/2236] Building C object libs/libc/CMakeFiles/c.dir/pthread/pthread_mutex_unlock.c.o
[581/2236] Building C object libs/libc/CMakeFiles/c.dir/pthread/pthread_once.c.o
[582/2236] Building C object libs/libc/CMakeFiles/c.dir/pthread/pthread_rwlockattr_init.c.o
[583/2236] Building C object libs/libc/CMakeFiles/c.dir/pthread/pthread_rwlockattr_destroy.c.o
[584/2236] Building C object libs/libc/CMakeFiles/c.dir/pthread/pthread_rwlockattr_getpshared.c.o
[585/2236] Building C object libs/libc/CMakeFiles/c.dir/pthread/pthread_rwlockattr_setpshared.c.o
[586/2236] Building C object libs/libc/CMakeFiles/c.dir/pthread/pthread_atfork.c.o
[587/2236] Building C object libs/libc/CMakeFiles/c.dir/pthread/pthread_rwlock.c.o
[588/2236] Building C object libs/libc/CMakeFiles/c.dir/pthread/pthread_rwlock_wrlock.c.o
[589/2236] Building C object libs/libc/CMakeFiles/c.dir/pthread/pthread_setcancelstate.c.o
[590/2236] Building C object libs/libc/CMakeFiles/c.dir/pthread/pthread_rwlock_rdlock.c.o
[591/2236] Building C object libs/libc/CMakeFiles/c.dir/pthread/pthread_getcpuclockid.c.o
[592/2236] Building C object libs/libc/CMakeFiles/c.dir/pthread/pthread_testcancel.c.o
[593/2236] Building C object libs/libc/CMakeFiles/c.dir/pthread/pthread_setcanceltype.c.o
[594/2236] Building C object libs/libc/CMakeFiles/c.dir/pthread/pthread_self.c.o
[595/2236] Building C object libs/libc/CMakeFiles/c.dir/pthread/pthread_gettid_np.c.o
[596/2236] Building C object libs/libc/CMakeFiles/c.dir/pthread/pthread_concurrency.c.o
[597/2236] Building C object libs/libc/CMakeFiles/c.dir/pthread/pthread_mutex_consistent.c.o
[598/2236] Building C object libs/libc/CMakeFiles/c.dir/pthread/pthread_mutex_inconsistent.c.o
[599/2236] Building C object libs/libc/CMakeFiles/c.dir/pwd/lib_getpwuid.c.o
[600/2236] Building C object libs/libc/CMakeFiles/c.dir/pwd/lib_getpwnamr.c.o
[601/2236] Building C object libs/libc/CMakeFiles/c.dir/pwd/lib_getpwuidr.c.o
[602/2236] Building C object libs/libc/CMakeFiles/c.dir/pwd/lib_getpwnam.c.o
[603/2236] Building C object libs/libc/CMakeFiles/c.dir/queue/queue.c.o
[604/2236] Building C object libs/libc/CMakeFiles/c.dir/pthread/pthread_cleanup.c.o
[605/2236] Building C object libs/libc/CMakeFiles/c.dir/pwd/lib_getpwbufr.c.o
[606/2236] Building C object libs/libc/CMakeFiles/c.dir/pwd/lib_getpwent.c.o
[607/2236] Building C object libs/libc/CMakeFiles/c.dir/pwd/lib_getspnam.c.o
[608/2236] Building C object libs/libc/CMakeFiles/c.dir/pwd/lib_getpwbuf.c.o
[609/2236] Building C object libs/libc/CMakeFiles/c.dir/sched/sched_getprioritymin.c.o
[610/2236] Building C object libs/libc/CMakeFiles/c.dir/sched/sched_getprioritymax.c.o
[611/2236] Building C object libs/libc/CMakeFiles/c.dir/sched/clock_getcpuclockid.c.o
[612/2236] Building C object libs/libc/CMakeFiles/c.dir/sched/task_cancelpt.c.o
[613/2236] Building C object libs/libc/CMakeFiles/c.dir/sched/sched_backtrace.c.o
[614/2236] Building C object libs/libc/CMakeFiles/c.dir/sched/task_setcancelstate.c.o
[615/2236] Building C object libs/libc/CMakeFiles/c.dir/sched/task_testcancel.c.o
[616/2236] Building C object libs/libc/CMakeFiles/c.dir/sched/task_setcanceltype.c.o
[617/2236] Building C object libs/libc/CMakeFiles/c.dir/search/hash_func.c.o
[618/2236] Building C object libs/libc/CMakeFiles/c.dir/sched/task_getpid.c.o
[619/2236] Building C object libs/libc/CMakeFiles/c.dir/sched/sched_dumpstack.c.o
[620/2236] Building C object libs/libc/CMakeFiles/c.dir/sched/task_startup.c.o
[621/2236] Building C object libs/libc/CMakeFiles/c.dir/search/hcreate_r.c.o
[622/2236] Building C object libs/libc/CMakeFiles/c.dir/search/hcreate.c.o
[623/2236] Building C object libs/libc/CMakeFiles/c.dir/semaphore/sem_init.c.o
[624/2236] Building C object libs/libc/CMakeFiles/c.dir/semaphore/sem_setprotocol.c.o
[625/2236] Building C object libs/libc/CMakeFiles/c.dir/semaphore/sem_getvalue.c.o
[626/2236] Building C object libs/libc/CMakeFiles/c.dir/semaphore/sem_getprotocol.c.o
[627/2236] Building C object libs/libc/CMakeFiles/c.dir/semaphore/sem_destroy.c.o
[628/2236] Building C object libs/libc/CMakeFiles/c.dir/semaphore/sem_wait.c.o
[629/2236] Building C object libs/libc/CMakeFiles/c.dir/semaphore/sem_trywait.c.o
[630/2236] Building C object libs/libc/CMakeFiles/c.dir/semaphore/sem_timedwait.c.o
[631/2236] Building C object libs/libc/CMakeFiles/c.dir/semaphore/sem_clockwait.c.o
[632/2236] Building C object libs/libc/CMakeFiles/c.dir/semaphore/sem_post.c.o
[633/2236] Building C object libs/libc/CMakeFiles/c.dir/semaphore/sem_close.c.o
[634/2236] Building C object libs/libc/CMakeFiles/c.dir/semaphore/sem_open.c.o
[635/2236] Building C object libs/libc/CMakeFiles/c.dir/signal/sig_altstack.c.o
[636/2236] Building C object libs/libc/CMakeFiles/c.dir/semaphore/sem_unlink.c.o
[637/2236] Building C object libs/libc/CMakeFiles/c.dir/signal/sig_andset.c.o
[638/2236] Building C object libs/libc/CMakeFiles/c.dir/signal/sig_addset.c.o
[639/2236] Building C object libs/libc/CMakeFiles/c.dir/signal/sig_hold.c.o
[640/2236] Building C object libs/libc/CMakeFiles/c.dir/signal/sig_delset.c.o
[641/2236] Building C object libs/libc/CMakeFiles/c.dir/signal/sig_killpg.c.o
[642/2236] Building C object libs/libc/CMakeFiles/c.dir/signal/sig_emptyset.c.o
[643/2236] Building C object libs/libc/CMakeFiles/c.dir/signal/sig_fillset.c.o
[644/2236] Building C object libs/libc/CMakeFiles/c.dir/signal/sig_longjmp.c.o
[645/2236] Building C object libs/libc/CMakeFiles/c.dir/signal/sig_isemptyset.c.o
[646/2236] Building C object libs/libc/CMakeFiles/c.dir/signal/sig_ismember.c.o
[647/2236] Building C object libs/libc/CMakeFiles/c.dir/signal/sig_orset.c.o
[648/2236] Building C object libs/libc/CMakeFiles/c.dir/signal/sig_nandset.c.o
[649/2236] Building C object libs/libc/CMakeFiles/c.dir/signal/sig_relse.c.o
[650/2236] Building C object libs/libc/CMakeFiles/c.dir/signal/sig_wait.c.o
[651/2236] Building C object libs/libc/CMakeFiles/c.dir/signal/sig_ignore.c.o
[652/2236] Building C object libs/libc/CMakeFiles/c.dir/signal/sig_pause.c.o
[653/2236] Building C object libs/libc/CMakeFiles/c.dir/signal/sig_psignal.c.o
[654/2236] Building C object libs/libc/CMakeFiles/c.dir/signal/sig_raise.c.o
[655/2236] Building C object libs/libc/CMakeFiles/c.dir/signal/sig_xorset.c.o
[656/2236] Building C object libs/libc/CMakeFiles/c.dir/signal/sig_interrupt.c.o
[657/2236] Building C object libs/libc/CMakeFiles/c.dir/signal/sig_set.c.o
[658/2236] Building C object libs/libc/CMakeFiles/c.dir/signal/sig_signal.c.o
[659/2236] Building C object libs/libc/CMakeFiles/c.dir/spawn/lib_psfa_addclose.c.o
[660/2236] Building C object libs/libc/CMakeFiles/c.dir/spawn/lib_psfa_adddup2.c.o
[661/2236] Building C object libs/libc/CMakeFiles/c.dir/spawn/lib_psfa_addaction.c.o
[662/2236] Building C object libs/libc/CMakeFiles/c.dir/spawn/lib_psfa_init.c.o
[663/2236] Building C object libs/libc/CMakeFiles/c.dir/spawn/lib_psa_getschedparam.c.o
[664/2236] Building C object libs/libc/CMakeFiles/c.dir/spawn/lib_psa_getschedpolicy.c.o
[665/2236] Building C object libs/libc/CMakeFiles/c.dir/spawn/lib_psa_getflags.c.o
[666/2236] Building C object libs/libc/CMakeFiles/c.dir/spawn/lib_psfa_addopen.c.o
[667/2236] Building C object libs/libc/CMakeFiles/c.dir/spawn/lib_psfa_destroy.c.o
[668/2236] Building C object libs/libc/CMakeFiles/c.dir/spawn/lib_psa_setflags.c.o
[669/2236] Building C object libs/libc/CMakeFiles/c.dir/spawn/lib_psa_init.c.o
[670/2236] Building C object libs/libc/CMakeFiles/c.dir/spawn/lib_psa_setschedpolicy.c.o
[671/2236] Building C object libs/libc/CMakeFiles/c.dir/spawn/lib_psa_setschedparam.c.o
[672/2236] Building C object libs/libc/CMakeFiles/c.dir/spawn/lib_psa_getsigmask.c.o
[673/2236] Building C object libs/libc/CMakeFiles/c.dir/spawn/lib_psa_setsigmask.c.o
[674/2236] Building C object libs/libc/CMakeFiles/c.dir/spawn/lib_psa_getstacksize.c.o
[675/2236] Building C object libs/libc/CMakeFiles/c.dir/spawn/lib_psa_getpriority.c.o
[676/2236] Building C object libs/libc/CMakeFiles/c.dir/spawn/lib_psa_setstacksize.c.o
[677/2236] Building C object libs/libc/CMakeFiles/c.dir/spawn/lib_psa_getstackaddr.c.o
[678/2236] Building C object libs/libc/CMakeFiles/c.dir/spawn/lib_psa_destroy.c.o
[679/2236] Building C object libs/libc/CMakeFiles/c.dir/spawn/lib_psfa_dump.c.o
[680/2236] Building C object libs/libc/CMakeFiles/c.dir/spawn/lib_psa_setstackaddr.c.o
[681/2236] Building C object libs/libc/CMakeFiles/c.dir/spawn/lib_psa_setpriority.c.o
[682/2236] Building C object libs/libc/CMakeFiles/c.dir/stdio/lib_fileno.c.o
[683/2236] Building C object libs/libc/CMakeFiles/c.dir/stdio/lib_asprintf.c.o
[684/2236] Building C object libs/libc/CMakeFiles/c.dir/stdio/lib_snprintf.c.o
[685/2236] Building C object libs/libc/CMakeFiles/c.dir/stdio/lib_sprintf.c.o
[686/2236] Building C object libs/libc/CMakeFiles/c.dir/stdio/lib_printf.c.o
[687/2236] Building C object libs/libc/CMakeFiles/c.dir/stdio/lib_vsprintf.c.o
[688/2236] Building C object libs/libc/CMakeFiles/c.dir/spawn/lib_psa_dump.c.o
[689/2236] Building C object libs/libc/CMakeFiles/c.dir/stdio/lib_vasprintf.c.o
[690/2236] Building C object libs/libc/CMakeFiles/c.dir/stdio/lib_dprintf.c.o
[691/2236] Building C object libs/libc/CMakeFiles/c.dir/stdio/lib_vsnprintf.c.o
[692/2236] Building C object libs/libc/CMakeFiles/c.dir/stdio/lib_vdprintf.c.o
[693/2236] Building C object libs/libc/CMakeFiles/c.dir/stdio/lib_vprintf.c.o
[694/2236] Building C object libs/libc/CMakeFiles/c.dir/stdio/lib_perror.c.o
[695/2236] Building C object libs/libc/CMakeFiles/c.dir/stdio/lib_putchar.c.o
[696/2236] Building C object libs/libc/CMakeFiles/c.dir/stdio/lib_getchar.c.o
[697/2236] Building C object libs/libc/CMakeFiles/c.dir/stdio/lib_gets_s.c.o
[698/2236] Building C object libs/libc/CMakeFiles/c.dir/stdio/lib_puts.c.o
[699/2236] Building C object libs/libc/CMakeFiles/c.dir/stdio/lib_libdgets.c.o
[700/2236] Building C object libs/libc/CMakeFiles/c.dir/stdio/lib_gets.c.o
[701/2236] Building C object libs/libc/CMakeFiles/c.dir/stdio/lib_sscanf.c.o
[702/2236] Building C object libs/libc/CMakeFiles/c.dir/stdio/lib_vsscanf.c.o
[703/2236] Building C object libs/libc/CMakeFiles/c.dir/stdio/lib_tempnam.c.o
[704/2236] Building C object libs/libc/CMakeFiles/c.dir/stdio/lib_remove.c.o
[705/2236] Building C object libs/libc/CMakeFiles/c.dir/stdio/lib_tmpnam.c.o
[706/2236] Building C object libs/libc/CMakeFiles/c.dir/stdio/lib_renameat.c.o
[707/2236] Building C object libs/libc/CMakeFiles/c.dir/stdio/lib_putwchar.c.o
[708/2236] Building C object libs/libc/CMakeFiles/c.dir/stdio/lib_freopen.c.o
[709/2236] Building C object libs/libc/CMakeFiles/c.dir/stdio/lib_fread.c.o
[710/2236] Building C object libs/libc/CMakeFiles/c.dir/stdio/lib_fopen.c.o
[711/2236] Building C object libs/libc/CMakeFiles/c.dir/stdio/lib_fclose.c.o
[712/2236] Building C object libs/libc/CMakeFiles/c.dir/stdio/lib_fseek.c.o
[713/2236] Building C object libs/libc/CMakeFiles/c.dir/stdio/lib_libfread_unlocked.c.o
[714/2236] Building C object libs/libc/CMakeFiles/c.dir/stdio/lib_ftell.c.o
[715/2236] Building C object libs/libc/CMakeFiles/c.dir/stdio/lib_ftello.c.o
[716/2236] Building C object libs/libc/CMakeFiles/c.dir/stdio/lib_fseeko.c.o
[717/2236] Building C object libs/libc/CMakeFiles/c.dir/stdio/lib_getdelim.c.o
[718/2236] Building C object libs/libc/CMakeFiles/c.dir/stdio/lib_fsetpos.c.o
[719/2236] Building C object libs/libc/CMakeFiles/c.dir/stdio/lib_fgetpos.c.o
[720/2236] Building C object libs/libc/CMakeFiles/c.dir/stdio/lib_fgetc.c.o
[721/2236] Building C object libs/libc/CMakeFiles/c.dir/stdio/lib_getc.c.o
[722/2236] Building C object libs/libc/CMakeFiles/c.dir/stdio/lib_fgets.c.o
[723/2236] Building C object libs/libc/CMakeFiles/c.dir/stdio/lib_libfgets.c.o
[724/2236] Building C object libs/libc/CMakeFiles/c.dir/stdio/lib_fwrite.c.o
[725/2236] Building C object libs/libc/CMakeFiles/c.dir/stdio/lib_libfwrite.c.o
[726/2236] Building C object libs/libc/CMakeFiles/c.dir/stdio/lib_fflush.c.o
[727/2236] Building C object libs/libc/CMakeFiles/c.dir/stdio/lib_putc.c.o
[728/2236] Building C object libs/libc/CMakeFiles/c.dir/stdio/lib_wrflush_unlocked.c.o
[729/2236] Building C object libs/libc/CMakeFiles/c.dir/stdio/lib_rdflush_unlocked.c.o
[730/2236] Building C object libs/libc/CMakeFiles/c.dir/stdio/lib_libfflush.c.o
[731/2236] Building C object libs/libc/CMakeFiles/c.dir/stdio/lib_libflushall.c.o
[732/2236] Building C object libs/libc/CMakeFiles/c.dir/stdio/lib_fputc.c.o
[733/2236] Building C object libs/libc/CMakeFiles/c.dir/stdio/lib_ungetc.c.o
[734/2236] Building C object libs/libc/CMakeFiles/c.dir/stdio/lib_fputs.c.o
[735/2236] Building C object libs/libc/CMakeFiles/c.dir/stdio/lib_fprintf.c.o
[736/2236] Building C object libs/libc/CMakeFiles/c.dir/stdio/lib_feof.c.o
[737/2236] Building C object libs/libc/CMakeFiles/c.dir/stdio/lib_vfprintf.c.o
[738/2236] Building C object libs/libc/CMakeFiles/c.dir/stdio/lib_ferror.c.o
[739/2236] Building C object libs/libc/CMakeFiles/c.dir/stdio/lib_rewind.c.o
[740/2236] Building C object libs/libc/CMakeFiles/c.dir/stdio/lib_scanf.c.o
[741/2236] Building C object libs/libc/CMakeFiles/c.dir/stdio/lib_clearerr.c.o
[742/2236] Building C object libs/libc/CMakeFiles/c.dir/stdio/lib_vscanf.c.o
[743/2236] Building C object libs/libc/CMakeFiles/c.dir/stdio/lib_fscanf.c.o
[744/2236] Building C object libs/libc/CMakeFiles/c.dir/stdio/lib_vfscanf.c.o
[745/2236] Building C object libs/libc/CMakeFiles/c.dir/stdio/lib_setbuf.c.o
[746/2236] Building C object libs/libc/CMakeFiles/c.dir/stdio/lib_tmpfile.c.o
[747/2236] Building C object libs/libc/CMakeFiles/c.dir/stdio/lib_setvbuf.c.o
[748/2236] Building C object libs/libc/CMakeFiles/c.dir/stdio/lib_libgetstreams.c.o
[749/2236] Building C object libs/libc/CMakeFiles/c.dir/stdio/lib_fputwc.c.o
[750/2236] Building C object libs/libc/CMakeFiles/c.dir/stdio/lib_putwc.c.o
[751/2236] Building C object libs/libc/CMakeFiles/c.dir/stdio/lib_libfilelock.c.o
[752/2236] Building C object libs/libc/CMakeFiles/c.dir/stdio/lib_setbuffer.c.o
[753/2236] Building C object libs/libc/CMakeFiles/c.dir/stdio/lib_fputws.c.o
[754/2236] Building C object libs/libc/CMakeFiles/c.dir/stdio/lib_fopencookie.c.o
[755/2236] Building C object libs/libc/CMakeFiles/c.dir/stdlib/lib_abs.c.o
[756/2236] Building C object libs/libc/CMakeFiles/c.dir/stdio/lib_fgetwc.c.o
[757/2236] Building C object libs/libc/CMakeFiles/c.dir/stdio/lib_getwc.c.o
[758/2236] Building C object libs/libc/CMakeFiles/c.dir/stdio/lib_ungetwc.c.o
[759/2236] Building C object libs/libc/CMakeFiles/c.dir/stdio/lib_fmemopen.c.o
[760/2236] Building C object libs/libc/CMakeFiles/c.dir/stdlib/lib_atof.c.o
[761/2236] Building C object libs/libc/CMakeFiles/c.dir/stdio/lib_open_memstream.c.o
[762/2236] Building C object libs/libc/CMakeFiles/c.dir/stdlib/lib_atoi.c.o
[763/2236] Building C object libs/libc/CMakeFiles/c.dir/stdlib/lib_abort.c.o
[764/2236] Building C object libs/libc/CMakeFiles/c.dir/stdlib/lib_atol.c.o
[765/2236] Building C object libs/libc/CMakeFiles/c.dir/stdlib/lib_atoll.c.o
[766/2236] Building C object libs/libc/CMakeFiles/c.dir/stdlib/lib_div.c.o
[767/2236] Building C object libs/libc/CMakeFiles/c.dir/stdlib/lib_ldiv.c.o
[768/2236] Building C object libs/libc/CMakeFiles/c.dir/stdlib/lib_lldiv.c.o
[769/2236] Building C object libs/libc/CMakeFiles/c.dir/stdlib/lib_getprogname.c.o
[770/2236] Building C object libs/libc/CMakeFiles/c.dir/stdlib/lib_itoa.c.o
[771/2236] Building C object libs/libc/CMakeFiles/c.dir/stdlib/lib_labs.c.o
[772/2236] Building C object libs/libc/CMakeFiles/c.dir/stdlib/lib_llabs.c.o
[773/2236] Building C object libs/libc/CMakeFiles/c.dir/stdlib/lib_bsearch.c.o
[774/2236] Building C object libs/libc/CMakeFiles/c.dir/stdlib/lib_exit.c.o
[775/2236] Building C object libs/libc/CMakeFiles/c.dir/stdlib/lib_rand.c.o
[776/2236] Building C object libs/libc/CMakeFiles/c.dir/stdlib/lib_qsort.c.o
[777/2236] Building C object libs/libc/CMakeFiles/c.dir/stdlib/lib_realpath.c.o
[778/2236] Building C object libs/libc/CMakeFiles/c.dir/stdlib/lib_reallocarray.c.o
[779/2236] Building C object libs/libc/CMakeFiles/c.dir/stdlib/lib_rand48.c.o
[780/2236] Building C object libs/libc/CMakeFiles/c.dir/stdlib/lib_strtol.c.o
[781/2236] Building C object libs/libc/CMakeFiles/c.dir/stdlib/lib_srand.c.o
[782/2236] Building C object libs/libc/CMakeFiles/c.dir/stdlib/lib_strtoul.c.o
[783/2236] Building C object libs/libc/CMakeFiles/c.dir/stdlib/lib_strtoll.c.o
[784/2236] Building C object libs/libc/CMakeFiles/c.dir/stdlib/lib_strtoull.c.o
[785/2236] Building C object libs/libc/CMakeFiles/c.dir/stdlib/lib_checkbase.c.o
[786/2236] Building C object libs/libc/CMakeFiles/c.dir/stdlib/lib_strtold.c.o
[787/2236] Building C object libs/libc/CMakeFiles/c.dir/stdlib/lib_mkstemp.c.o
[788/2236] Building C object libs/libc/CMakeFiles/c.dir/stdlib/lib_mkdtemp.c.o
[789/2236] Building C object libs/libc/CMakeFiles/c.dir/stdlib/lib_aligned_alloc.c.o
[790/2236] Building C object libs/libc/CMakeFiles/c.dir/stdlib/lib_mktemp.c.o
[791/2236] Building C object libs/libc/CMakeFiles/c.dir/stdlib/lib_posix_memalign.c.o
[792/2236] Building C object libs/libc/CMakeFiles/c.dir/stdlib/lib_mblen.c.o
[793/2236] Building C object libs/libc/CMakeFiles/c.dir/stdlib/lib_mbtowc.c.o
[794/2236] Building C object libs/libc/CMakeFiles/c.dir/stdlib/lib_valloc.c.o
[795/2236] Building C object libs/libc/CMakeFiles/c.dir/stdlib/lib_mbstowcs.c.o
[796/2236] Building C object libs/libc/CMakeFiles/c.dir/stdlib/lib_wctomb.c.o
[797/2236] Building C object libs/libc/CMakeFiles/c.dir/stdlib/lib_arc4random.c.o
[798/2236] Building C object libs/libc/CMakeFiles/c.dir/stdlib/lib_wcstombs.c.o
[799/2236] Building C object libs/libc/CMakeFiles/c.dir/stream/lib_meminstream.c.o
[800/2236] Building C object libs/libc/CMakeFiles/c.dir/stream/lib_memsistream.c.o
[801/2236] Building C object libs/libc/CMakeFiles/c.dir/stream/lib_memoutstream.c.o
[802/2236] Building C object libs/libc/CMakeFiles/c.dir/stream/lib_memsostream.c.o
[803/2236] Building C object libs/libc/CMakeFiles/c.dir/stdlib/lib_atexit.c.o
[804/2236] Building C object libs/libc/CMakeFiles/c.dir/stream/lib_lowoutstream.c.o
[805/2236] Building C object libs/libc/CMakeFiles/c.dir/stream/lib_zeroinstream.c.o
[806/2236] Building C object libs/libc/CMakeFiles/c.dir/stream/lib_nulloutstream.c.o
[807/2236] Building C object libs/libc/CMakeFiles/c.dir/stream/lib_rawoutstream.c.o
[808/2236] Building C object libs/libc/CMakeFiles/c.dir/stream/lib_rawinstream.c.o
[809/2236] Building C object libs/libc/CMakeFiles/c.dir/stream/lib_rawsostream.c.o
[810/2236] Building C object libs/libc/CMakeFiles/c.dir/stream/lib_nullinstream.c.o
[811/2236] Building C object libs/libc/CMakeFiles/c.dir/stream/lib_rawsistream.c.o
[812/2236] Building C object libs/libc/CMakeFiles/c.dir/stream/lib_libnoflush.c.o
[813/2236] Building C object libs/libc/CMakeFiles/c.dir/stream/lib_libsnoflush.c.o
[814/2236] Building C object libs/libc/CMakeFiles/c.dir/stream/lib_mtdoutstream.c.o
[815/2236] Building C object libs/libc/CMakeFiles/c.dir/stream/lib_hexdumpstream.c.o
[816/2236] Building C object libs/libc/CMakeFiles/c.dir/stream/lib_base64outstream.c.o
[817/2236] Building C object libs/libc/CMakeFiles/c.dir/stream/lib_syslogstream.c.o
[818/2236] Building C object libs/libc/CMakeFiles/c.dir/stream/lib_bufferedoutstream.c.o
[819/2236] Building C object libs/libc/CMakeFiles/c.dir/stream/lib_mtdsostream.c.o
[820/2236] Building C object libs/libc/CMakeFiles/c.dir/stream/lib_filesistream.c.o
[821/2236] Building C object libs/libc/CMakeFiles/c.dir/stream/lib_ultoa_invert.c.o
[822/2236] Building C object libs/libc/CMakeFiles/c.dir/stream/lib_libbsprintf.c.o
[823/2236] Building C object libs/libc/CMakeFiles/c.dir/stream/lib_fileoutstream.c.o
[824/2236] Building C object libs/libc/CMakeFiles/c.dir/stream/lib_libosprintf.c.o
[825/2236] Building C object libs/libc/CMakeFiles/c.dir/stream/lib_dtoa_data.c.o
[826/2236] Building C object libs/libc/CMakeFiles/c.dir/stream/lib_dtoa_engine.c.o
[827/2236] Building C object libs/libc/CMakeFiles/c.dir/stream/lib_libvscanf.c.o
[828/2236] Building C object libs/libc/CMakeFiles/c.dir/stream/lib_syslograwstream.c.o
[829/2236] Building C object libs/libc/CMakeFiles/c.dir/string/lib_ffs.c.o
[830/2236] Building C object libs/libc/CMakeFiles/c.dir/stream/lib_libvsprintf.c.o
[831/2236] Building C object libs/libc/CMakeFiles/c.dir/string/lib_ffsl.c.o
[832/2236] Building C object libs/libc/CMakeFiles/c.dir/string/lib_ffsll.c.o
[833/2236] Building C object libs/libc/CMakeFiles/c.dir/string/lib_fls.c.o
[834/2236] Building C object libs/libc/CMakeFiles/c.dir/string/lib_flsl.c.o
[835/2236] Building C object libs/libc/CMakeFiles/c.dir/string/lib_flsll.c.o
[836/2236] Building C object libs/libc/CMakeFiles/c.dir/stream/lib_stdinstream.c.o
[837/2236] Building C object libs/libc/CMakeFiles/c.dir/stream/lib_stdoutstream.c.o
[838/2236] Building C object libs/libc/CMakeFiles/c.dir/stream/lib_stdsistream.c.o
[839/2236] Building C object libs/libc/CMakeFiles/c.dir/string/lib_bzero.c.o
[840/2236] Building C object libs/libc/CMakeFiles/c.dir/string/lib_memmem.c.o
[841/2236] Building C object libs/libc/CMakeFiles/c.dir/stream/lib_stdsostream.c.o
[842/2236] Building C object libs/libc/CMakeFiles/c.dir/string/lib_popcountl.c.o
[843/2236] Building C object libs/libc/CMakeFiles/c.dir/string/lib_popcount.c.o
[844/2236] Building C object libs/libc/CMakeFiles/c.dir/string/lib_popcountll.c.o
[845/2236] Building C object libs/libc/CMakeFiles/c.dir/string/lib_isbasedigit.c.o
[846/2236] Building C object libs/libc/CMakeFiles/c.dir/stream/lib_blkoutstream.c.o
[847/2236] Building C object libs/libc/CMakeFiles/c.dir/string/lib_strcspn.c.o
[848/2236] Building C object libs/libc/CMakeFiles/c.dir/string/lib_skipspace.c.o
[849/2236] Building C object libs/libc/CMakeFiles/c.dir/string/lib_strcasecmp.c.o
[850/2236] Building C object libs/libc/CMakeFiles/c.dir/string/lib_strerror.c.o
[851/2236] Building C object libs/libc/CMakeFiles/c.dir/string/lib_strncat.c.o
[852/2236] Building C object libs/libc/CMakeFiles/c.dir/string/lib_strncasecmp.c.o
[853/2236] Building C object libs/libc/CMakeFiles/c.dir/string/lib_strpbrk.c.o
[854/2236] Building C object libs/libc/CMakeFiles/c.dir/string/lib_strcasestr.c.o
[855/2236] Building C object libs/libc/CMakeFiles/c.dir/string/lib_strdup.c.o
[856/2236] Building C object libs/libc/CMakeFiles/c.dir/string/lib_strndup.c.o
[857/2236] Building C object libs/libc/CMakeFiles/c.dir/string/lib_strspn.c.o
[858/2236] Building C object libs/libc/CMakeFiles/c.dir/string/lib_strstr.c.o
[859/2236] Building C object libs/libc/CMakeFiles/c.dir/string/lib_strerrorr.c.o
[860/2236] Building C object libs/libc/CMakeFiles/c.dir/string/lib_strsep.c.o
[861/2236] Building C object libs/libc/CMakeFiles/c.dir/string/lib_strtokr.c.o
[862/2236] Building C object libs/libc/CMakeFiles/c.dir/string/lib_explicit_bzero.c.o
[863/2236] Building C object libs/libc/CMakeFiles/c.dir/string/lib_index.c.o
[864/2236] Building C object libs/libc/CMakeFiles/c.dir/string/lib_rindex.c.o
[865/2236] Building C object libs/libc/CMakeFiles/c.dir/string/lib_strsignal.c.o
[866/2236] Building C object libs/libc/CMakeFiles/c.dir/string/lib_mempcpy.c.o
[867/2236] Building C object libs/libc/CMakeFiles/c.dir/string/lib_timingsafe_bcmp.c.o
[868/2236] Building C object libs/libc/CMakeFiles/c.dir/string/lib_strtok.c.o
[869/2236] Building C object libs/libc/CMakeFiles/c.dir/string/lib_rawmemchr.c.o
[870/2236] Building C object libs/libc/CMakeFiles/c.dir/string/lib_memmove.c.o
[871/2236] Building C object libs/libc/CMakeFiles/c.dir/string/lib_strverscmp.c.o
[872/2236] Building C object libs/libc/CMakeFiles/c.dir/string/lib_strnlen.c.o
[873/2236] Building C object libs/libc/CMakeFiles/c.dir/string/lib_strlcpy.c.o
[874/2236] Building C object libs/libc/CMakeFiles/c.dir/string/lib_bsdmemcpy.c.o
[875/2236] Building C object libs/libc/CMakeFiles/c.dir/string/lib_bsdmemcmp.c.o
[876/2236] Building C object libs/libc/CMakeFiles/c.dir/string/lib_strlcat.c.o
[877/2236] Building C object libs/libc/CMakeFiles/c.dir/string/lib_bsdmemrchr.c.o
[878/2236] Building C object libs/libc/CMakeFiles/c.dir/string/lib_bsdmemset.c.o
[879/2236] Building C object libs/libc/CMakeFiles/c.dir/string/lib_bsdmemccpy.c.o
[880/2236] Building C object libs/libc/CMakeFiles/c.dir/string/lib_bsdstrchr.c.o
[881/2236] Building C object libs/libc/CMakeFiles/c.dir/string/lib_bsdstrcmp.c.o
[882/2236] Building C object libs/libc/CMakeFiles/c.dir/string/lib_bsdstpncpy.c.o
[883/2236] Building C object libs/libc/CMakeFiles/c.dir/string/lib_bsdstrncpy.c.o
[884/2236] Building C object libs/libc/CMakeFiles/c.dir/string/lib_bsdstrlen.c.o
[885/2236] Building C object libs/libc/CMakeFiles/c.dir/string/lib_bsdstpcpy.c.o
[886/2236] Building C object libs/libc/CMakeFiles/c.dir/string/lib_bsdmemchr.c.o
[887/2236] Building C object libs/libc/CMakeFiles/c.dir/string/lib_bsdstrcat.c.o
[888/2236] Building C object libs/libc/CMakeFiles/c.dir/symtab/symtab_sortbyname.c.o
[889/2236] Building C object libs/libc/CMakeFiles/c.dir/string/lib_bsdstrchrnul.c.o
[890/2236] Building C object libs/libc/CMakeFiles/c.dir/string/lib_bsdstrcpy.c.o
[891/2236] Building C object libs/libc/CMakeFiles/c.dir/string/lib_bsdstrncmp.c.o
[892/2236] Building C object libs/libc/CMakeFiles/c.dir/string/lib_bsdstrrchr.c.o
[893/2236] Building C object libs/libc/CMakeFiles/c.dir/symtab/symtab_findbyvalue.c.o
[894/2236] Building C object libs/libc/CMakeFiles/c.dir/symtab/symtab_findbyname.c.o
[895/2236] Building C object libs/libc/CMakeFiles/c.dir/termios/lib_cfmakeraw.c.o
[896/2236] Building C object libs/libc/CMakeFiles/c.dir/termios/lib_cfspeed.c.o
[897/2236] Building C object libs/libc/CMakeFiles/c.dir/termios/lib_tcflush.c.o
[898/2236] Building C object libs/libc/CMakeFiles/c.dir/syslog/lib_setlogmask.c.o
[899/2236] Building C object libs/libc/CMakeFiles/c.dir/termios/lib_tcdrain.c.o
[900/2236] Building C object libs/libc/CMakeFiles/c.dir/termios/lib_tcflow.c.o
[901/2236] Building C object libs/libc/CMakeFiles/c.dir/syslog/lib_syslog.c.o
[902/2236] Building C object libs/libc/CMakeFiles/c.dir/termios/lib_tcgetattr.c.o
[903/2236] Building C object libs/libc/CMakeFiles/c.dir/termios/lib_isatty.c.o
[904/2236] Building C object libs/libc/CMakeFiles/c.dir/termios/lib_tcsetattr.c.o
[905/2236] Building C object libs/libc/CMakeFiles/c.dir/termios/lib_tcsendbreak.c.o
[906/2236] Building C object libs/libc/CMakeFiles/c.dir/time/lib_daysbeforemonth.c.o
[907/2236] Building C object libs/libc/CMakeFiles/c.dir/termios/lib_ttyname.c.o
[908/2236] Building C object libs/libc/CMakeFiles/c.dir/time/lib_gettimeofday.c.o
[909/2236] Building C object libs/libc/CMakeFiles/c.dir/termios/lib_ttynamer.c.o
[910/2236] Building C object libs/libc/CMakeFiles/c.dir/time/lib_settimeofday.c.o
[911/2236] Building C object libs/libc/CMakeFiles/c.dir/time/lib_isleapyear.c.o
[912/2236] Building C object libs/libc/CMakeFiles/c.dir/time/lib_calendar2utc.c.o
[913/2236] Building C object libs/libc/CMakeFiles/c.dir/time/lib_strftime.c.o
[914/2236] Building C object libs/libc/CMakeFiles/c.dir/time/lib_time.c.o
[915/2236] Building C object libs/libc/CMakeFiles/c.dir/time/lib_timespec_get.c.o
[916/2236] Building C object libs/libc/CMakeFiles/c.dir/time/lib_nanosleep.c.o
[917/2236] Building C object libs/libc/CMakeFiles/c.dir/time/lib_difftime.c.o
[918/2236] Building C object libs/libc/CMakeFiles/c.dir/time/lib_dayofweek.c.o
[919/2236] Building C object libs/libc/CMakeFiles/c.dir/time/lib_ctime.c.o
[920/2236] Building C object libs/libc/CMakeFiles/c.dir/time/lib_gethrtime.c.o
[921/2236] Building C object libs/libc/CMakeFiles/c.dir/time/lib_ctimer.c.o
[922/2236] Building C object libs/libc/CMakeFiles/c.dir/time/lib_asctimer.c.o
[923/2236] Building C object libs/libc/CMakeFiles/c.dir/time/lib_asctime.c.o
[924/2236] Building C object libs/libc/CMakeFiles/c.dir/time/lib_timegm.c.o
[925/2236] Building C object libs/libc/CMakeFiles/c.dir/time/lib_gmtime.c.o
[926/2236] Building C object libs/libc/CMakeFiles/c.dir/tls/tls_getinfo.c.o
[927/2236] Building C object libs/libc/CMakeFiles/c.dir/time/lib_gmtimer.c.o
[928/2236] Building C object libs/libc/CMakeFiles/c.dir/tls/task_tls.c.o
[929/2236] Building C object libs/libc/CMakeFiles/c.dir/tls/tls_cleanup.c.o
[930/2236] Building C object libs/libc/CMakeFiles/c.dir/tls/tls_destruct.c.o
[931/2236] Building C object libs/libc/CMakeFiles/c.dir/tls/task_tls_destruct.c.o
[932/2236] Building C object libs/libc/CMakeFiles/c.dir/uio/lib_preadv.c.o
[933/2236] Building C object libs/libc/CMakeFiles/c.dir/uio/lib_pwritev.c.o
[934/2236] Building C object libs/libc/CMakeFiles/c.dir/unistd/lib_daemon.c.o
[935/2236] Building C object libs/libc/CMakeFiles/c.dir/unistd/lib_access.c.o
[936/2236] Building C object libs/libc/CMakeFiles/c.dir/unistd/lib_swab.c.o
[937/2236] Building C object libs/libc/CMakeFiles/c.dir/unistd/lib_pathconf.c.o
[938/2236] Building C object libs/libc/CMakeFiles/c.dir/unistd/lib_getentropy.c.o
[939/2236] Building C object libs/libc/CMakeFiles/c.dir/unistd/lib_getcwd.c.o
[940/2236] Building C object libs/libc/CMakeFiles/c.dir/unistd/lib_getopt.c.o
[941/2236] Building C object libs/libc/CMakeFiles/c.dir/unistd/lib_getopt_common.c.o
[942/2236] Building C object libs/libc/CMakeFiles/c.dir/unistd/lib_getopt_longonly.c.o
[943/2236] Building C object libs/libc/CMakeFiles/c.dir/unistd/lib_getopt_long.c.o
[944/2236] Building C object libs/libc/CMakeFiles/c.dir/unistd/lib_sysconf.c.o
[945/2236] Building C object libs/libc/CMakeFiles/c.dir/unistd/lib_times.c.o
[946/2236] Building C object libs/libc/CMakeFiles/c.dir/unistd/lib_fstatvfs.c.o
[947/2236] Building C object libs/libc/CMakeFiles/c.dir/unistd/lib_getoptvars.c.o
[948/2236] Building C object libs/libc/CMakeFiles/c.dir/unistd/lib_getoptoptp.c.o
[949/2236] Building C object libs/libc/CMakeFiles/c.dir/unistd/lib_statvfs.c.o
[950/2236] Building C object libs/libc/CMakeFiles/c.dir/unistd/lib_getoptindp.c.o
[951/2236] Building C object libs/libc/CMakeFiles/c.dir/unistd/lib_alarm.c.o
[952/2236] Building C object libs/libc/CMakeFiles/c.dir/unistd/lib_getoptargp.c.o
[953/2236] Building C object libs/libc/CMakeFiles/c.dir/unistd/lib_getopterrp.c.o
[954/2236] Building C object libs/libc/CMakeFiles/c.dir/unistd/lib_utime.c.o
[955/2236] Building C object libs/libc/CMakeFiles/c.dir/unistd/lib_nice.c.o
[956/2236] Building C object libs/libc/CMakeFiles/c.dir/unistd/lib_setreuid.c.o
[957/2236] Building C object libs/libc/CMakeFiles/c.dir/unistd/lib_sleep.c.o
[958/2236] Building C object libs/libc/CMakeFiles/c.dir/unistd/lib_setregid.c.o
[959/2236] Building C object libs/libc/CMakeFiles/c.dir/unistd/lib_getrusage.c.o
[960/2236] Building C object libs/libc/CMakeFiles/c.dir/unistd/lib_setrlimit.c.o
[961/2236] Building C object libs/libc/CMakeFiles/c.dir/unistd/lib_futimes.c.o
[962/2236] Building C object libs/libc/CMakeFiles/c.dir/unistd/lib_utimes.c.o
[963/2236] Building C object libs/libc/CMakeFiles/c.dir/unistd/lib_getrlimit.c.o
[964/2236] Building C object libs/libc/CMakeFiles/c.dir/unistd/lib_lutimes.c.o
[965/2236] Building C object libs/libc/CMakeFiles/c.dir/unistd/lib_setpriority.c.o
[966/2236] Building C object libs/libc/CMakeFiles/c.dir/unistd/lib_getpriority.c.o
[967/2236] Building C object libs/libc/CMakeFiles/c.dir/unistd/lib_gethostname.c.o
[968/2236] Building C object libs/libc/CMakeFiles/c.dir/unistd/lib_sethostname.c.o
[969/2236] Building C object libs/libc/CMakeFiles/c.dir/unistd/lib_fchownat.c.o
[970/2236] Building C object libs/libc/CMakeFiles/c.dir/unistd/lib_linkat.c.o
[971/2236] Building C object libs/libc/CMakeFiles/c.dir/unistd/lib_usleep.c.o
[972/2236] Building C object libs/libc/CMakeFiles/c.dir/unistd/lib_readlinkat.c.o
[973/2236] Building C object libs/libc/CMakeFiles/c.dir/unistd/lib_unlinkat.c.o
[974/2236] Building C object libs/libc/CMakeFiles/c.dir/unistd/lib_symlinkat.c.o
[975/2236] Building C object libs/libc/CMakeFiles/c.dir/unistd/lib_getpgrp.c.o
[976/2236] Building C object libs/libc/CMakeFiles/c.dir/unistd/lib_getpgid.c.o
[977/2236] Building C object libs/libc/CMakeFiles/c.dir/unistd/lib_ulimit.c.o
[978/2236] Building C object libs/libc/CMakeFiles/c.dir/unistd/lib_lockf.c.o
[979/2236] Building C object libs/libc/CMakeFiles/c.dir/unistd/lib_flock.c.o
[980/2236] Building C object libs/libc/CMakeFiles/c.dir/unistd/lib_confstr.c.o
[981/2236] Building C object libs/libc/CMakeFiles/c.dir/unistd/lib_setuid.c.o
[982/2236] Building C object libs/libc/CMakeFiles/c.dir/unistd/lib_getpass.c.o
[983/2236] Building C object libs/libc/CMakeFiles/c.dir/unistd/lib_getgid.c.o
[984/2236] Building C object libs/libc/CMakeFiles/c.dir/unistd/lib_getuid.c.o
[985/2236] Building C object libs/libc/CMakeFiles/c.dir/unistd/lib_seteuid.c.o
[986/2236] Building C object libs/libc/CMakeFiles/c.dir/unistd/lib_setegid.c.o
[987/2236] Building C object libs/libc/CMakeFiles/c.dir/unistd/lib_setgid.c.o
[988/2236] Building C object libs/libc/CMakeFiles/c.dir/unistd/lib_getegid.c.o
[989/2236] Building C object libs/libc/CMakeFiles/c.dir/unistd/lib_geteuid.c.o
[990/2236] Building C object libs/libc/CMakeFiles/c.dir/unistd/lib_chdir.c.o
[991/2236] Building C object libs/libc/CMakeFiles/c.dir/uuid/lib_uuid_compare.c.o
[992/2236] Building C object libs/libc/CMakeFiles/c.dir/unistd/lib_fchdir.c.o
[993/2236] Building C object libs/libc/CMakeFiles/c.dir/unistd/lib_restoredir.c.o
[994/2236] Building C object libs/libc/CMakeFiles/c.dir/unistd/lib_truncate.c.o
[995/2236] Building C object libs/libc/CMakeFiles/c.dir/unistd/lib_posix_fallocate.c.o
[996/2236] Building C object libs/libc/CMakeFiles/c.dir/uuid/lib_uuid_create.c.o
[997/2236] Building C object libs/libc/CMakeFiles/c.dir/unistd/lib_pipe.c.o
[998/2236] Building C object libs/libc/CMakeFiles/c.dir/uuid/lib_uuid_create_nil.c.o
[999/2236] Building C object libs/libc/CMakeFiles/c.dir/unistd/lib_fork.c.o
[1000/2236] Building C object libs/libc/CMakeFiles/c.dir/uuid/lib_uuid_equal.c.o
[1001/2236] Building C object libs/libc/CMakeFiles/c.dir/uuid/lib_uuid_hash.c.o
[1002/2236] Building C object libs/libc/CMakeFiles/c.dir/uuid/lib_uuid_is_nil.c.o
[1003/2236] Building C object libs/libc/CMakeFiles/c.dir/uuid/lib_uuid_stream.c.o
[1004/2236] Building C object libs/libc/CMakeFiles/c.dir/uuid/lib_uuid_from_string.c.o
[1005/2236] Building C object libs/libc/CMakeFiles/c.dir/wchar/lib_wcslen.c.o
[1006/2236] Building C object libs/libc/CMakeFiles/c.dir/wchar/lib_wmemchr.c.o
[1007/2236] Building C object libs/libc/CMakeFiles/c.dir/wchar/lib_wcscmp.c.o
[1008/2236] Building C object libs/libc/CMakeFiles/c.dir/wchar/lib_wmemcpy.c.o
[1009/2236] Building C object libs/libc/CMakeFiles/c.dir/wchar/lib_wmemcmp.c.o
[1010/2236] Building C object libs/libc/CMakeFiles/c.dir/uuid/lib_uuid_to_string.c.o
[1011/2236] Building C object libs/libc/CMakeFiles/c.dir/wchar/lib_wmemmove.c.o
[1012/2236] Building C object libs/libc/CMakeFiles/c.dir/wchar/lib_wmemset.c.o
[1013/2236] Building C object libs/libc/CMakeFiles/c.dir/wchar/lib_wctob.c.o
[1014/2236] Building C object libs/libc/CMakeFiles/c.dir/wchar/lib_wcslcpy.c.o
[1015/2236] Building C object libs/libc/CMakeFiles/c.dir/wchar/lib_wcsxfrm.c.o
[1016/2236] Building C object libs/libc/CMakeFiles/c.dir/wchar/lib_mbrtowc.c.o
[1017/2236] Building C object libs/libc/CMakeFiles/c.dir/wchar/lib_btowc.c.o
[1018/2236] Building C object libs/libc/CMakeFiles/c.dir/wchar/lib_wcrtomb.c.o
[1019/2236] Building C object libs/libc/CMakeFiles/c.dir/wchar/lib_wcsftime.c.o
[1020/2236] Building C object libs/libc/CMakeFiles/c.dir/wchar/lib_wcstol.c.o
[1021/2236] Building C object libs/libc/CMakeFiles/c.dir/wchar/lib_wcscoll.c.o
[1022/2236] Building C object libs/libc/CMakeFiles/c.dir/wchar/lib_wcstoll.c.o
[1023/2236] Building C object libs/libc/CMakeFiles/c.dir/wchar/lib_wcstoul.c.o
[1024/2236] Building C object libs/libc/CMakeFiles/c.dir/wchar/lib_wcstoull.c.o
[1025/2236] Building C object libs/libc/CMakeFiles/c.dir/wchar/lib_wcstold.c.o
[1026/2236] Building C object libs/libc/CMakeFiles/c.dir/wchar/lib_wcstof.c.o
[1027/2236] Building C object libs/libc/CMakeFiles/c.dir/wchar/lib_wcstod.c.o
[1028/2236] Building C object libs/libc/CMakeFiles/c.dir/wchar/lib_mbsnrtowcs.c.o
[1029/2236] Building C object libs/libc/CMakeFiles/c.dir/wchar/lib_swprintf.c.o
[1030/2236] Building C object libs/libc/CMakeFiles/c.dir/wchar/lib_wcsnrtombs.c.o
[1031/2236] Building C object libs/libc/CMakeFiles/c.dir/wchar/lib_mbsinit.c.o
[1032/2236] Building C object libs/libc/CMakeFiles/c.dir/wchar/lib_mbrlen.c.o
[1033/2236] Building C object libs/libc/CMakeFiles/c.dir/wchar/lib_mbsrtowcs.c.o
[1034/2236] Building C object libs/libc/CMakeFiles/c.dir/wchar/lib_wcsrtombs.c.o
[1035/2236] Building C object libs/libc/CMakeFiles/c.dir/wchar/lib_wcscpy.c.o
[1036/2236] Building C object libs/libc/CMakeFiles/c.dir/wchar/lib_wcscat.c.o
[1037/2236] Building C object libs/libc/CMakeFiles/c.dir/wchar/lib_wcslcat.c.o
[1038/2236] Building C object libs/libc/CMakeFiles/c.dir/wchar/lib_wcsncat.c.o
[1039/2236] Building C object libs/libc/CMakeFiles/c.dir/wchar/lib_wcsncpy.c.o
[1040/2236] Building C object libs/libc/CMakeFiles/c.dir/wchar/lib_wcschr.c.o
[1041/2236] Building C object libs/libc/CMakeFiles/c.dir/wchar/lib_wcsncmp.c.o
[1042/2236] Building C object libs/libc/CMakeFiles/c.dir/wchar/lib_wcsrchr.c.o
[1043/2236] Building C object libs/libc/CMakeFiles/c.dir/wchar/lib_wcspbrk.c.o
[1044/2236] Building C object libs/libc/CMakeFiles/c.dir/wchar/lib_wcscspn.c.o
[1045/2236] Building C object libs/libc/CMakeFiles/c.dir/wchar/lib_wcsspn.c.o
[1046/2236] Building C object libs/libc/CMakeFiles/c.dir/wchar/lib_wcsstr.c.o
[1047/2236] Building C object libs/libc/CMakeFiles/c.dir/wchar/lib_wcstok.c.o
[1048/2236] Building C object libs/libc/CMakeFiles/c.dir/wctype/lib_wctype.c.o
[1049/2236] Building C object libs/libc/CMakeFiles/c.dir/wchar/lib_wcswidth.c.o
[1050/2236] Building C object libs/libc/CMakeFiles/c.dir/wchar/lib_wcwidth.c.o
[1051/2236] Building C object libs/libc/CMakeFiles/c.dir/wctype/lib_iswctype.c.o
[1052/2236] Building C object libs/libc/CMakeFiles/c.dir/wctype/lib_towlower.c.o
[1053/2236] Building C object libs/libc/CMakeFiles/c.dir/wchar/lib_wcswcs.c.o
[1054/2236] Building C object libs/libc/CMakeFiles/c.dir/wctype/lib_towupper.c.o
[1055/2236] Building C object mm/CMakeFiles/mm.dir/kasan/hook.c.o
[1056/2236] Building C object mm/CMakeFiles/mm.dir/mempool/mempool_procfs.c.o
[1057/2236] Building C object mm/CMakeFiles/mm.dir/map/mm_map.c.o
[1058/2236] Building C object mm/CMakeFiles/mm.dir/mm_heap/mm_malloc_size.c.o
[1059/2236] Building C object mm/CMakeFiles/mm.dir/mempool/mempool.c.o
[1060/2236] Building C object mm/CMakeFiles/mm.dir/mempool/mempool_multiple.c.o
[1061/2236] Building C object mm/CMakeFiles/mm.dir/mm_heap/mm_initialize.c.o
[1062/2236] Building C object mm/CMakeFiles/mm.dir/mm_heap/mm_shrinkchunk.c.o
[1063/2236] Building C object mm/CMakeFiles/mm.dir/mm_heap/mm_calloc.c.o
[1064/2236] Building C object mm/CMakeFiles/mm.dir/mm_heap/mm_brkaddr.c.o
[1065/2236] Building C object mm/CMakeFiles/mm.dir/mm_heap/mm_extend.c.o
[1066/2236] Building C object mm/CMakeFiles/mm.dir/mm_heap/mm_mallinfo.c.o
[1067/2236] Building C object mm/CMakeFiles/mm.dir/mm_heap/mm_foreach.c.o
[1068/2236] Building C object mm/CMakeFiles/mm.dir/mm_heap/mm_free.c.o
[1069/2236] Building C object mm/CMakeFiles/mm.dir/mm_heap/mm_malloc.c.o
[1070/2236] Building C object mm/CMakeFiles/mm.dir/mm_heap/mm_realloc.c.o
[1071/2236] Building C object mm/CMakeFiles/mm.dir/mm_heap/mm_memalign.c.o
[1072/2236] Building C object mm/CMakeFiles/mm.dir/mm_heap/mm_zalloc.c.o
[1073/2236] Building C object mm/CMakeFiles/mm.dir/umm_heap/umm_initialize.c.o
[1074/2236] Building C object mm/CMakeFiles/mm.dir/umm_heap/umm_addregion.c.o
[1075/2236] Building C object mm/CMakeFiles/mm.dir/umm_heap/umm_malloc_size.c.o
[1076/2236] Building C object mm/CMakeFiles/mm.dir/mm_heap/mm_heapmember.c.o
[1077/2236] Building C object mm/CMakeFiles/mm.dir/mm_heap/mm_memdump.c.o
[1078/2236] Building C object mm/CMakeFiles/mm.dir/umm_heap/umm_globals.c.o
[1079/2236] Building C object mm/CMakeFiles/mm.dir/umm_heap/umm_brkaddr.c.o
[1080/2236] Building C object mm/CMakeFiles/mm.dir/umm_heap/umm_extend.c.o
[1081/2236] Building C object mm/CMakeFiles/mm.dir/umm_heap/umm_calloc.c.o
[1082/2236] Building C object mm/CMakeFiles/mm.dir/umm_heap/umm_free.c.o
[1083/2236] Building C object mm/CMakeFiles/mm.dir/umm_heap/umm_mallinfo.c.o
[1084/2236] Building C object mm/CMakeFiles/mm.dir/umm_heap/umm_memalign.c.o
[1085/2236] Building C object mm/CMakeFiles/mm.dir/umm_heap/umm_malloc.c.o
[1086/2236] Building C object mm/CMakeFiles/mm.dir/umm_heap/umm_realloc.c.o
[1087/2236] Building C object sched/CMakeFiles/sched.dir/clock/clock.c.o
[1088/2236] Building C object mm/CMakeFiles/mm.dir/umm_heap/umm_memdump.c.o
[1089/2236] Building C object mm/CMakeFiles/mm.dir/umm_heap/umm_zalloc.c.o
[1090/2236] Building C object mm/CMakeFiles/mm.dir/umm_heap/umm_heapmember.c.o
[1091/2236] Building C object sched/CMakeFiles/sched.dir/clock/clock_initialize.c.o
[1092/2236] Building C object sched/CMakeFiles/sched.dir/clock/clock_getres.c.o
[1093/2236] Building C object sched/CMakeFiles/sched.dir/clock/clock_gettime.c.o
[1094/2236] Building C object sched/CMakeFiles/sched.dir/clock/clock_notifier.c.o
[1095/2236] Linking C static library mm/libmm.a
[1096/2236] Building C object sched/CMakeFiles/sched.dir/clock/clock_settime.c.o
[1097/2236] Linking C static library libs/libc/libc.a
[1098/2236] Building C object sched/CMakeFiles/sched.dir/clock/clock_systime_timespec.c.o
[1099/2236] Building C object sched/CMakeFiles/sched.dir/event/event_init.c.o
[1100/2236] Building C object sched/CMakeFiles/sched.dir/clock/clock_systime_ticks.c.o
[1101/2236] Building C object sched/CMakeFiles/sched.dir/clock/clock_perf.c.o
[1102/2236] Building C object sched/CMakeFiles/sched.dir/event/event_reset.c.o
[1103/2236] Building C object sched/CMakeFiles/sched.dir/event/event_post.c.o
[1104/2236] Building C object sched/CMakeFiles/sched.dir/clock/clock_realtime2absticks.c.o
[1105/2236] Building C object sched/CMakeFiles/sched.dir/event/event_destroy.c.o
[1106/2236] Building C object sched/CMakeFiles/sched.dir/event/event_wait.c.o
[1107/2236] Building C object sched/CMakeFiles/sched.dir/event/event_clear.c.o
[1108/2236] Building C object sched/CMakeFiles/sched.dir/group/group_setuptaskfiles.c.o
[1109/2236] Building C object sched/CMakeFiles/sched.dir/group/group_setupidlefiles.c.o
[1110/2236] Building C object sched/CMakeFiles/sched.dir/group/group_join.c.o
[1111/2236] Building C object sched/CMakeFiles/sched.dir/group/group_create.c.o
[1112/2236] Building C object sched/CMakeFiles/sched.dir/group/group_leave.c.o
[1113/2236] Building C object sched/CMakeFiles/sched.dir/group/group_foreachchild.c.o
[1114/2236] Building C object sched/CMakeFiles/sched.dir/group/group_killchildren.c.o
[1115/2236] Building C object sched/CMakeFiles/sched.dir/instrument/instrument.c.o
[1116/2236] Building C object sched/CMakeFiles/sched.dir/group/group_signal.c.o
[1117/2236] Building C object sched/CMakeFiles/sched.dir/irq/irq_initialize.c.o
[1118/2236] Building C object sched/CMakeFiles/sched.dir/init/nx_bringup.c.o
[1119/2236] Building C object sched/CMakeFiles/sched.dir/init/nx_start.c.o
[1120/2236] Building C object sched/CMakeFiles/sched.dir/irq/irq_attach.c.o
[1121/2236] Building C object sched/CMakeFiles/sched.dir/irq/irq_attach_thread.c.o
[1122/2236] Building C object sched/CMakeFiles/sched.dir/irq/irq_attach_wqueue.c.o
[1123/2236] Building C object sched/CMakeFiles/sched.dir/irq/irq_unexpectedisr.c.o
[1124/2236] Building C object sched/CMakeFiles/sched.dir/irq/irq_dispatch.c.o
[1125/2236] Building C object sched/CMakeFiles/sched.dir/irq/irq_csection.c.o
[1126/2236] Building C object sched/CMakeFiles/sched.dir/misc/panic_notifier.c.o
[1127/2236] Building C object sched/CMakeFiles/sched.dir/misc/reboot_notifier.c.o
[1128/2236] Building C object sched/CMakeFiles/sched.dir/misc/assert.c.o
[1129/2236] Building C object sched/CMakeFiles/sched.dir/mqueue/mq_waitirq.c.o
[1130/2236] Building C object sched/CMakeFiles/sched.dir/mqueue/mq_recover.c.o
[1131/2236] Building C object sched/CMakeFiles/sched.dir/mqueue/mq_initialize.c.o
[1132/2236] Building C object sched/CMakeFiles/sched.dir/mqueue/mq_send.c.o
[1133/2236] Building C object sched/CMakeFiles/sched.dir/mqueue/mq_sndinternal.c.o
[1134/2236] Building C object sched/CMakeFiles/sched.dir/mqueue/mq_msgfree.c.o
[1135/2236] Building C object sched/CMakeFiles/sched.dir/mqueue/mq_msgqalloc.c.o
[1136/2236] Building C object sched/CMakeFiles/sched.dir/mqueue/mq_receive.c.o
[1137/2236] Building C object sched/CMakeFiles/sched.dir/mqueue/mq_rcvinternal.c.o
[1138/2236] Building C object sched/CMakeFiles/sched.dir/mqueue/mq_setattr.c.o
[1139/2236] Building C object sched/CMakeFiles/sched.dir/mqueue/mq_msgqfree.c.o
[1140/2236] Building C object sched/CMakeFiles/sched.dir/mqueue/mq_notify.c.o
[1141/2236] Building C object sched/CMakeFiles/sched.dir/mqueue/mq_getattr.c.o
[1142/2236] Building C object sched/CMakeFiles/sched.dir/mqueue/msginternal.c.o
[1143/2236] Building C object sched/CMakeFiles/sched.dir/mqueue/msgget.c.o
[1144/2236] Building C object sched/CMakeFiles/sched.dir/mqueue/msgctl.c.o
[1145/2236] Building C object sched/CMakeFiles/sched.dir/mqueue/msgrcv.c.o
[1146/2236] Building C object sched/CMakeFiles/sched.dir/pthread/pthread_create.c.o
[1147/2236] Building C object sched/CMakeFiles/sched.dir/mqueue/msgsnd.c.o
[1148/2236] Building C object sched/CMakeFiles/sched.dir/pthread/pthread_setschedparam.c.o
[1149/2236] Building C object sched/CMakeFiles/sched.dir/pthread/pthread_getschedparam.c.o
[1150/2236] Building C object sched/CMakeFiles/sched.dir/pthread/pthread_exit.c.o
[1151/2236] Building C object sched/CMakeFiles/sched.dir/pthread/pthread_detach.c.o
[1152/2236] Building C object sched/CMakeFiles/sched.dir/pthread/pthread_join.c.o
[1153/2236] Building C object sched/CMakeFiles/sched.dir/pthread/pthread_sigmask.c.o
[1154/2236] Building C object sched/CMakeFiles/sched.dir/pthread/pthread_cancel.c.o
[1155/2236] Building C object sched/CMakeFiles/sched.dir/pthread/pthread_setschedprio.c.o
[1156/2236] Building C object sched/CMakeFiles/sched.dir/pthread/pthread_findjoininfo.c.o
[1157/2236] Building C object sched/CMakeFiles/sched.dir/pthread/pthread_release.c.o
[1158/2236] Building C object sched/CMakeFiles/sched.dir/sched/sched_getfiles.c.o
[1159/2236] Building C object sched/CMakeFiles/sched.dir/sched/sched_profil.c.o
[1160/2236] Building C object sched/CMakeFiles/sched.dir/sched/sched_addreadytorun.c.o
[1161/2236] Building C object sched/CMakeFiles/sched.dir/sched/sched_removereadytorun.c.o
[1162/2236] Building C object sched/CMakeFiles/sched.dir/sched/sched_addblocked.c.o
[1163/2236] Building C object sched/CMakeFiles/sched.dir/pthread/pthread_completejoin.c.o
[1164/2236] Building C object sched/CMakeFiles/sched.dir/sched/sched_verifytcb.c.o
[1165/2236] Building C object sched/CMakeFiles/sched.dir/sched/sched_removeblocked.c.o
[1166/2236] Building C object sched/CMakeFiles/sched.dir/sched/sched_gettcb.c.o
[1167/2236] Building C object sched/CMakeFiles/sched.dir/sched/sched_releasetcb.c.o
[1168/2236] Building C object sched/CMakeFiles/sched.dir/sched/sched_getparam.c.o
[1169/2236] Building C object sched/CMakeFiles/sched.dir/sched/sched_setparam.c.o
[1170/2236] Building C object sched/CMakeFiles/sched.dir/sched/sched_setpriority.c.o
[1171/2236] Building C object sched/CMakeFiles/sched.dir/sched/sched_setscheduler.c.o
[1172/2236] Building C object sched/CMakeFiles/sched.dir/sched/sched_getscheduler.c.o
[1173/2236] Building C object sched/CMakeFiles/sched.dir/sched/sched_rrgetinterval.c.o
[1174/2236] Building C object sched/CMakeFiles/sched.dir/sched/sched_foreach.c.o
[1175/2236] Building C object sched/CMakeFiles/sched.dir/sched/sched_lock.c.o
[1176/2236] Building C object sched/CMakeFiles/sched.dir/sched/sched_lockcount.c.o
[1177/2236] Building C object sched/CMakeFiles/sched.dir/sched/sched_unlock.c.o
[1178/2236] Building C object sched/CMakeFiles/sched.dir/sched/sched_yield.c.o
[1179/2236] Building C object sched/CMakeFiles/sched.dir/sched/sched_idletask.c.o
[1180/2236] Building C object sched/CMakeFiles/sched.dir/sched/sched_self.c.o
[1181/2236] Building C object sched/CMakeFiles/sched.dir/sched/sched_getcpu.c.o
[1182/2236] Building C object sched/CMakeFiles/sched.dir/sched/sched_get_tls.c.o
[1183/2236] Building C object sched/CMakeFiles/sched.dir/sched/sched_get_stackinfo.c.o
[1184/2236] Building C object sched/CMakeFiles/sched.dir/sched/sched_sysinfo.c.o
[1185/2236] Building C object sched/CMakeFiles/sched.dir/sched/sched_switchcontext.c.o
[1186/2236] Building C object sched/CMakeFiles/sched.dir/sched/sched_get_stateinfo.c.o
[1187/2236] Building C object sched/CMakeFiles/sched.dir/sched/sched_reprioritizertr.c.o
[1188/2236] Building C object sched/CMakeFiles/sched.dir/sched/sched_mergepending.c.o
[1189/2236] Building C object sched/CMakeFiles/sched.dir/sched/sched_roundrobin.c.o
[1190/2236] Building C object sched/CMakeFiles/sched.dir/sched/sched_backtrace.c.o
[1191/2236] Building C object sched/CMakeFiles/sched.dir/sched/sched_waitpid.c.o
[1192/2236] Building C object sched/CMakeFiles/sched.dir/sched/sched_processtimer.c.o
[1193/2236] Building C object sched/CMakeFiles/sched.dir/semaphore/sem_destroy.c.o
[1194/2236] Building C object sched/CMakeFiles/sched.dir/semaphore/sem_trywait.c.o
[1195/2236] Building C object sched/CMakeFiles/sched.dir/semaphore/sem_wait.c.o
[1196/2236] Building C object sched/CMakeFiles/sched.dir/semaphore/sem_recover.c.o
[1197/2236] Building C object sched/CMakeFiles/sched.dir/semaphore/sem_post.c.o
[1198/2236] Building C object sched/CMakeFiles/sched.dir/semaphore/sem_clockwait.c.o
[1199/2236] Building C object sched/CMakeFiles/sched.dir/semaphore/sem_timeout.c.o
[1200/2236] Building C object sched/CMakeFiles/sched.dir/semaphore/sem_waitirq.c.o
[1201/2236] Building C object sched/CMakeFiles/sched.dir/semaphore/sem_rw.c.o
[1202/2236] Building C object sched/CMakeFiles/sched.dir/semaphore/sem_reset.c.o
[1203/2236] Building C object sched/CMakeFiles/sched.dir/semaphore/sem_tickwait.c.o
[1204/2236] Building C object sched/CMakeFiles/sched.dir/signal/sig_allocpendingsigaction.c.o
[1205/2236] Building C object sched/CMakeFiles/sched.dir/signal/sig_findaction.c.o
[1206/2236] Building C object sched/CMakeFiles/sched.dir/signal/sig_initialize.c.o
[1207/2236] Building C object sched/CMakeFiles/sched.dir/signal/sig_cleanup.c.o
[1208/2236] Building C object sched/CMakeFiles/sched.dir/signal/sig_action.c.o
[1209/2236] Building C object sched/CMakeFiles/sched.dir/signal/sig_pending.c.o
[1210/2236] Building C object sched/CMakeFiles/sched.dir/signal/sig_deliver.c.o
[1211/2236] Building C object sched/CMakeFiles/sched.dir/signal/sig_releasependingsigaction.c.o
[1212/2236] Building C object sched/CMakeFiles/sched.dir/signal/sig_releasependingsignal.c.o
[1213/2236] Building C object sched/CMakeFiles/sched.dir/signal/sig_nanosleep.c.o
[1214/2236] Building C object sched/CMakeFiles/sched.dir/signal/sig_unmaskpendingsignal.c.o
[1215/2236] Building C object sched/CMakeFiles/sched.dir/signal/sig_removependingsignal.c.o
[1216/2236] Building C object sched/CMakeFiles/sched.dir/signal/sig_lowest.c.o
[1217/2236] Building C object sched/CMakeFiles/sched.dir/signal/sig_kill.c.o
[1218/2236] Building C object sched/CMakeFiles/sched.dir/signal/sig_dispatch.c.o
[1219/2236] Building C object sched/CMakeFiles/sched.dir/signal/sig_notification.c.o
[1220/2236] Building C object sched/CMakeFiles/sched.dir/signal/sig_pause.c.o
[1221/2236] Building C object sched/CMakeFiles/sched.dir/signal/sig_sleep.c.o
[1222/2236] Building C object sched/CMakeFiles/sched.dir/signal/sig_ppoll.c.o
[1223/2236] Building C object sched/CMakeFiles/sched.dir/signal/sig_procmask.c.o
[1224/2236] Building C object sched/CMakeFiles/sched.dir/signal/sig_pselect.c.o
[1225/2236] Building C object sched/CMakeFiles/sched.dir/signal/sig_queue.c.o
[1226/2236] Building C object sched/CMakeFiles/sched.dir/signal/sig_suspend.c.o
[1227/2236] Building C object sched/CMakeFiles/sched.dir/signal/sig_tgkill.c.o
[1228/2236] Building C object sched/CMakeFiles/sched.dir/signal/sig_usleep.c.o
[1229/2236] Building C object sched/CMakeFiles/sched.dir/signal/sig_waitinfo.c.o
[1230/2236] Building C object sched/CMakeFiles/sched.dir/task/task_argvstr.c.o
[1231/2236] Building C object sched/CMakeFiles/sched.dir/task/task_create.c.o
[1232/2236] Building C object sched/CMakeFiles/sched.dir/task/task_init.c.o
[1233/2236] Building C object sched/CMakeFiles/sched.dir/signal/sig_timedwait.c.o
[1234/2236] Building C object sched/CMakeFiles/sched.dir/task/task_activate.c.o
[1235/2236] Building C object sched/CMakeFiles/sched.dir/task/task_setup.c.o
[1236/2236] Building C object sched/CMakeFiles/sched.dir/task/task_delete.c.o
[1237/2236] Building C object sched/CMakeFiles/sched.dir/task/task_start.c.o
[1238/2236] Building C object sched/CMakeFiles/sched.dir/task/task_exit.c.o
[1239/2236] Building C object sched/CMakeFiles/sched.dir/task/task_exithook.c.o
[1240/2236] Building C object sched/CMakeFiles/sched.dir/task/task_prctl.c.o
[1241/2236] Building C object sched/CMakeFiles/sched.dir/task/task_recover.c.o
[1242/2236] Building C object sched/CMakeFiles/sched.dir/task/task_restart.c.o
[1243/2236] Building C object sched/CMakeFiles/sched.dir/task/task_spawnparms.c.o
[1244/2236] Building C object sched/CMakeFiles/sched.dir/task/task_terminate.c.o
[1245/2236] Building C object sched/CMakeFiles/sched.dir/task/task_cancelpt.c.o
[1246/2236] Building C object sched/CMakeFiles/sched.dir/task/task_join.c.o
[1247/2236] Building C object sched/CMakeFiles/sched.dir/task/exit.c.o
[1248/2236] Building C object sched/CMakeFiles/sched.dir/timer/timer_initialize.c.o
[1249/2236] Building C object sched/CMakeFiles/sched.dir/task/task_fork.c.o
[1250/2236] Building C object sched/CMakeFiles/sched.dir/timer/timer_delete.c.o
[1251/2236] Building C object sched/CMakeFiles/sched.dir/timer/timer_create.c.o
[1252/2236] Building C object sched/CMakeFiles/sched.dir/timer/timer_getoverrun.c.o
[1253/2236] Building C object sched/CMakeFiles/sched.dir/task/task_spawn.c.o
[1254/2236] Building C object sched/CMakeFiles/sched.dir/timer/timer_getitimer.c.o
[1255/2236] Building C object sched/CMakeFiles/sched.dir/timer/timer_gettime.c.o
[1256/2236] Building C object sched/CMakeFiles/sched.dir/timer/timer_release.c.o
[1257/2236] Building C object sched/CMakeFiles/sched.dir/tls/tls_initinfo.c.o
[1258/2236] Building C object sched/CMakeFiles/sched.dir/timer/timer_setitimer.c.o
[1259/2236] Building C object sched/CMakeFiles/sched.dir/tls/task_initinfo.c.o
[1260/2236] Building C object sched/CMakeFiles/sched.dir/tls/tls_dupinfo.c.o
[1261/2236] Building C object sched/CMakeFiles/sched.dir/tls/task_uninitinfo.c.o
[1262/2236] Building C object sched/CMakeFiles/sched.dir/timer/timer_settime.c.o
[1263/2236] Building C object sched/CMakeFiles/sched.dir/wdog/wd_initialize.c.o
[1264/2236] Generating etc/init.d/rcS
[1265/2236] Generating etc/init.d/rc.sysinit
[1266/2236] Building C object apps/CMakeFiles/apps.dir/dummy.c.o
[1267/2236] Building C object sched/CMakeFiles/sched.dir/wdog/wd_start.c.o
[1268/2236] Generating romfs_etc.c
[1269/2236] Building C object CMakeFiles/nuttx.dir/empty.c.o
[1270/2236] Building C object boards/CMakeFiles/board.dir/__/dummy.c.o
[1271/2236] Building C object sched/CMakeFiles/sched.dir/wdog/wd_gettime.c.o
[1272/2236] Building C object sched/CMakeFiles/sched.dir/wdog/wd_cancel.c.o
[1273/2236] Building C object sched/CMakeFiles/sched.dir/wqueue/kwork_queue.c.o
[1274/2236] Building C object sched/CMakeFiles/sched.dir/wqueue/kwork_cancel.c.o
[1275/2236] Building C object apps/CMakeFiles/apps.dir/fsutils/mkfatfs/mkfatfs.c.o
[1276/2236] Building C object sched/CMakeFiles/sched.dir/wqueue/kwork_thread.c.o
[1277/2236] Building C object apps/CMakeFiles/apps.dir/fsutils/mkfatfs/configfat.c.o
[1278/2236] Building C object boards/CMakeFiles/board.dir/boardctl.c.o
[1279/2236] Building C object boards/CMakeFiles/board.dir/home/lawson/openvela/vendor/sifli/boards/sf32lb52/sf32lb52_devkit_lcd/src/bsp_lcd_tp.c.o
[1280/2236] Building C object boards/CMakeFiles/board.dir/home/lawson/openvela/vendor/sifli/boards/sf32lb52/sf32lb52_devkit_lcd/src/bsp_init.c.o
[1281/2236] Building C object boards/CMakeFiles/board.dir/home/lawson/openvela/vendor/sifli/boards/sf32lb52/sf32lb52_devkit_lcd/src/sf32lb52_buttons.c.o
[1282/2236] Linking C static library sched/libsched.a
[1283/2236] Building C object boards/CMakeFiles/board.dir/home/lawson/openvela/vendor/sifli/boards/sf32lb52/sf32lb52_devkit_lcd/src/bsp_pinmux.c.o
[1284/2236] Building C object boards/CMakeFiles/board.dir/home/lawson/openvela/vendor/sifli/boards/sf32lb52/sf32lb52_devkit_lcd/src/bsp_power.c.o
[1285/2236] Building C object boards/CMakeFiles/board.dir/home/lawson/openvela/vendor/sifli/boards/sf32lb52/sf32lb52_devkit_lcd/src/sifli_gpio.c.o
[1286/2236] Building C object boards/CMakeFiles/board.dir/home/lawson/openvela/vendor/sifli/boards/sf32lb52/sf32lb52_devkit_lcd/src/bsp_audio.c.o
[1287/2236] Building C object boards/CMakeFiles/board.dir/home/lawson/openvela/vendor/sifli/boards/sf32lb52/sf32lb52_devkit_lcd/src/sifli_ap.c.o
[1288/2236] Building C object boards/exclude_board/src/CMakeFiles/romfs_etc.dir/romfs_etc.c.o
[1289/2236] Building C object apps/CMakeFiles/apps.dir/nshlib/nsh_init.c.o
[1290/2236] Building C object apps/CMakeFiles/apps.dir/fsutils/mkfatfs/writefat.c.o
[1291/2236] Building C object apps/CMakeFiles/apps.dir/nshlib/nsh_console.c.o
[1292/2236] Building C object apps/CMakeFiles/apps.dir/nshlib/nsh_script.c.o
[1293/2236] Building C object apps/CMakeFiles/apps.dir/nshlib/nsh_system.c.o
[1294/2236] Building C object apps/CMakeFiles/apps.dir/nshlib/nsh_command.c.o
[1295/2236] Building C object apps/CMakeFiles/apps.dir/nshlib/nsh_parse.c.o
[1296/2236] Building C object apps/CMakeFiles/apps.dir/nshlib/nsh_mmcmds.c.o
[1297/2236] Building C object apps/CMakeFiles/apps.dir/nshlib/nsh_ddcmd.c.o
[1298/2236] Building C object apps/CMakeFiles/apps.dir/nshlib/nsh_timcmds.c.o
[1299/2236] Building C object apps/CMakeFiles/apps.dir/nshlib/nsh_proccmds.c.o
[1300/2236] Building C object apps/CMakeFiles/apps.dir/nshlib/nsh_envcmds.c.o
[1301/2236] Building C object boards/CMakeFiles/board.dir/home/lawson/openvela/vendor/sifli/boards/sf32lb52/sf32lb52_devkit_lcd/src/bsp_audio_hw.c.o
[1302/2236] Building C object apps/CMakeFiles/apps.dir/nshlib/nsh_fscmds.c.o
[1303/2236] Building C object apps/CMakeFiles/apps.dir/nshlib/nsh_prompt.c.o
[1304/2236] Building C object apps/CMakeFiles/apps.dir/nshlib/nsh_session.c.o
[1305/2236] Building C object apps/CMakeFiles/apps.dir/nshlib/nsh_syscmds.c.o
[1306/2236] Building C object apps/CMakeFiles/apps.dir/nshlib/nsh_dbgcmds.c.o
[1307/2236] Building C object apps/CMakeFiles/apps.dir/nshlib/nsh_fsutils.c.o
[1308/2236] Linking C static library boards/libboard.a
[1309/2236] Building C object apps/CMakeFiles/apps.dir/nshlib/nsh_consolemain.c.o
[1310/2236] Building C object apps/CMakeFiles/apps.dir/nshlib/nsh_fileapps.c.o
[1311/2236] Building C object apps/CMakeFiles/apps.dir/nshlib/nsh_mntcmds.c.o
[1312/2236] Building C object apps/CMakeFiles/apps.dir/nshlib/nsh_printf.c.o
[1313/2236] Building C object apps/CMakeFiles/apps.dir/nshlib/nsh_wait.c.o
[1314/2236] Building C object apps/CMakeFiles/apps.dir/nshlib/nsh_test.c.o
[1315/2236] Building C object apps/CMakeFiles/apps.dir/nshlib/nsh_usbconsole.c.o
[1316/2236] Building C object apps/CMakeFiles/apps.dir/system/nxrecorder/nxrecorder_amr.c.o
[1317/2236] Building C object apps/CMakeFiles/apps.dir/nshlib/nsh_alias.c.o
[1318/2236] Building C object apps/CMakeFiles/apps.dir/system/nxrecorder/nxrecorder_common.c.o
[1319/2236] Building C object apps/CMakeFiles/apps.dir/system/nxrecorder/nxrecorder.c.o
[1320/2236] Building C object apps/CMakeFiles/apps.dir/system/readline/readline_stream.c.o
[1321/2236] Building C object apps/crypto/mbedtls/CMakeFiles/mbedtls.dir/mbedtls/library/aesni.c.o
[1322/2236] Building C object apps/CMakeFiles/apps.dir/system/readline/readline.c.o
[1323/2236] Building C object apps/crypto/mbedtls/CMakeFiles/mbedtls.dir/mbedtls/library/aesce.c.o
[1324/2236] Building C object apps/CMakeFiles/apps.dir/system/readline/readline_fd.c.o
[1325/2236] Building C object apps/crypto/mbedtls/CMakeFiles/mbedtls.dir/mbedtls/library/arc4.c.o
[1326/2236] Building C object apps/CMakeFiles/apps.dir/system/readline/readline_common.c.o
[1327/2236] Building C object apps/crypto/mbedtls/CMakeFiles/mbedtls.dir/mbedtls/library/asn1parse.c.o
[1328/2236] Building C object apps/crypto/mbedtls/CMakeFiles/mbedtls.dir/mbedtls/library/aria.c.o
[1329/2236] Building C object apps/crypto/mbedtls/CMakeFiles/mbedtls.dir/mbedtls/library/aes.c.o
[1330/2236] Building C object apps/crypto/mbedtls/CMakeFiles/mbedtls.dir/mbedtls/library/asn1write.c.o
[1331/2236] Building C object apps/crypto/mbedtls/CMakeFiles/mbedtls.dir/mbedtls/library/base64.c.o
[1332/2236] Linking C static library apps/libapps.a
[1333/2236] Building C object apps/crypto/mbedtls/CMakeFiles/mbedtls.dir/mbedtls/library/bignum_core.c.o
[1334/2236] Building C object apps/crypto/mbedtls/CMakeFiles/mbedtls.dir/mbedtls/library/blowfish.c.o
[1335/2236] Building C object apps/crypto/mbedtls/CMakeFiles/mbedtls.dir/mbedtls/library/chacha20.c.o
[1336/2236] Building C object apps/crypto/mbedtls/CMakeFiles/mbedtls.dir/mbedtls/library/bignum.c.o
[1337/2236] Building C object apps/crypto/mbedtls/CMakeFiles/mbedtls.dir/mbedtls/library/camellia.c.o
[1338/2236] Building C object apps/crypto/mbedtls/CMakeFiles/mbedtls.dir/mbedtls/library/ccm.c.o
[1339/2236] Building C object apps/crypto/mbedtls/CMakeFiles/mbedtls.dir/mbedtls/library/chachapoly.c.o
[1340/2236] Building C object apps/crypto/mbedtls/CMakeFiles/mbedtls.dir/mbedtls/library/bignum_mod.c.o
[1341/2236] Building C object apps/crypto/mbedtls/CMakeFiles/mbedtls.dir/mbedtls/library/cipher.c.o
[1342/2236] Building C object apps/crypto/mbedtls/CMakeFiles/mbedtls.dir/mbedtls/library/bignum_mod_raw.c.o
[1343/2236] Building C object apps/crypto/mbedtls/CMakeFiles/mbedtls.dir/mbedtls/library/debug.c.o
[1344/2236] Building C object apps/crypto/mbedtls/CMakeFiles/mbedtls.dir/mbedtls/library/cmac.c.o
[1345/2236] Building C object apps/crypto/mbedtls/CMakeFiles/mbedtls.dir/mbedtls/library/ctr_drbg.c.o
[1346/2236] Building C object apps/crypto/mbedtls/CMakeFiles/mbedtls.dir/mbedtls/library/ecdh.c.o
[1347/2236] Building C object apps/crypto/mbedtls/CMakeFiles/mbedtls.dir/mbedtls/library/cipher_wrap.c.o
[1348/2236] Building C object apps/crypto/mbedtls/CMakeFiles/mbedtls.dir/mbedtls/library/dhm.c.o
[1349/2236] Building C object apps/crypto/mbedtls/CMakeFiles/mbedtls.dir/mbedtls/library/des.c.o
[1350/2236] Building C object apps/crypto/mbedtls/CMakeFiles/mbedtls.dir/mbedtls/library/constant_time.c.o
[1351/2236] Building C object apps/crypto/mbedtls/CMakeFiles/mbedtls.dir/mbedtls/library/ecdsa.c.o
[1352/2236] Building C object apps/crypto/mbedtls/CMakeFiles/mbedtls.dir/mbedtls/library/entropy_poll.c.o
[1353/2236] Building C object apps/crypto/mbedtls/CMakeFiles/mbedtls.dir/mbedtls/library/entropy.c.o
[1354/2236] Building C object apps/crypto/mbedtls/CMakeFiles/mbedtls.dir/mbedtls/library/ecjpake.c.o
[1355/2236] Building C object apps/crypto/mbedtls/CMakeFiles/mbedtls.dir/mbedtls/library/hkdf.c.o
[1356/2236] Building C object apps/crypto/mbedtls/CMakeFiles/mbedtls.dir/mbedtls/library/hash_info.c.o
[1357/2236] Building C object apps/crypto/mbedtls/CMakeFiles/mbedtls.dir/mbedtls/library/error.c.o
[1358/2236] Building C object apps/crypto/mbedtls/CMakeFiles/mbedtls.dir/mbedtls/library/ecp_curves.c.o
[1359/2236] Building C object apps/crypto/mbedtls/CMakeFiles/mbedtls.dir/mbedtls/library/gcm.c.o
[1360/2236] Building C object apps/crypto/mbedtls/CMakeFiles/mbedtls.dir/mbedtls/library/ecp.c.o
[1361/2236] Building C object apps/crypto/mbedtls/CMakeFiles/mbedtls.dir/mbedtls/library/hmac_drbg.c.o
[1362/2236] Building C object apps/crypto/mbedtls/CMakeFiles/mbedtls.dir/mbedtls/library/md2.c.o
[1363/2236] Building C object apps/crypto/mbedtls/CMakeFiles/mbedtls.dir/mbedtls/library/md4.c.o
[1364/2236] Building C object apps/crypto/mbedtls/CMakeFiles/mbedtls.dir/mbedtls/library/memory_buffer_alloc.c.o
[1365/2236] Building C object apps/crypto/mbedtls/CMakeFiles/mbedtls.dir/mbedtls/library/mps_reader.c.o
[1366/2236] Building C object apps/crypto/mbedtls/CMakeFiles/mbedtls.dir/mbedtls/library/lmots.c.o
[1367/2236] Building C object apps/crypto/mbedtls/CMakeFiles/mbedtls.dir/mbedtls/library/net_sockets.c.o
[1368/2236] Building C object apps/crypto/mbedtls/CMakeFiles/mbedtls.dir/mbedtls/library/mps_trace.c.o
[1369/2236] Building C object apps/crypto/mbedtls/CMakeFiles/mbedtls.dir/mbedtls/library/md5.c.o
[1370/2236] Building C object apps/crypto/mbedtls/CMakeFiles/mbedtls.dir/mbedtls/library/lms.c.o
[1371/2236] Building C object apps/crypto/mbedtls/CMakeFiles/mbedtls.dir/mbedtls/library/md.c.o
[1372/2236] Building C object apps/crypto/mbedtls/CMakeFiles/mbedtls.dir/mbedtls/library/padlock.c.o
[1373/2236] Building C object apps/crypto/mbedtls/CMakeFiles/mbedtls.dir/mbedtls/library/nist_kw.c.o
[1374/2236] Building C object apps/crypto/mbedtls/CMakeFiles/mbedtls.dir/mbedtls/library/oid.c.o
[1375/2236] Building C object apps/crypto/mbedtls/CMakeFiles/mbedtls.dir/mbedtls/library/pkcs12.c.o
[1376/2236] Building C object apps/crypto/mbedtls/CMakeFiles/mbedtls.dir/mbedtls/library/pem.c.o
[1377/2236] Building C object apps/crypto/mbedtls/CMakeFiles/mbedtls.dir/mbedtls/library/pk.c.o
[1378/2236] Building C object apps/crypto/mbedtls/CMakeFiles/mbedtls.dir/mbedtls/library/pkcs5.c.o
[1379/2236] Building C object apps/crypto/mbedtls/CMakeFiles/mbedtls.dir/mbedtls/library/pk_wrap.c.o
[1380/2236] Building C object apps/crypto/mbedtls/CMakeFiles/mbedtls.dir/mbedtls/library/pkcs7.c.o
[1381/2236] Building C object apps/crypto/mbedtls/CMakeFiles/mbedtls.dir/mbedtls/library/platform.c.o
[1382/2236] Building C object apps/crypto/mbedtls/CMakeFiles/mbedtls.dir/mbedtls/library/platform_util.c.o
[1383/2236] Building C object apps/crypto/mbedtls/CMakeFiles/mbedtls.dir/mbedtls/library/pkwrite.c.o
[1384/2236] Building C object apps/crypto/mbedtls/CMakeFiles/mbedtls.dir/mbedtls/library/poly1305.c.o
[1385/2236] Building C object apps/crypto/mbedtls/CMakeFiles/mbedtls.dir/mbedtls/library/pkparse.c.o
[1386/2236] Building C object apps/crypto/mbedtls/CMakeFiles/mbedtls.dir/mbedtls/library/psa_crypto_aead.c.o
[1387/2236] Building C object apps/crypto/mbedtls/CMakeFiles/mbedtls.dir/mbedtls/library/psa_crypto_client.c.o
[1388/2236] Building C object apps/crypto/mbedtls/CMakeFiles/mbedtls.dir/mbedtls/library/psa_crypto_cipher.c.o
[1389/2236] Building C object apps/crypto/mbedtls/CMakeFiles/mbedtls.dir/mbedtls/library/psa_crypto_hash.c.o
[1390/2236] Building C object apps/crypto/mbedtls/CMakeFiles/mbedtls.dir/mbedtls/library/psa_crypto_ecp.c.o
[1391/2236] Building C object apps/crypto/mbedtls/CMakeFiles/mbedtls.dir/mbedtls/library/psa_crypto_mac.c.o
[1392/2236] Building C object apps/crypto/mbedtls/CMakeFiles/mbedtls.dir/mbedtls/library/psa_crypto_se.c.o
[1393/2236] Building C object apps/crypto/mbedtls/CMakeFiles/mbedtls.dir/mbedtls/library/psa_crypto_driver_wrappers.c.o
[1394/2236] Building C object apps/crypto/mbedtls/CMakeFiles/mbedtls.dir/mbedtls/library/psa_crypto_pake.c.o
[1395/2236] Building C object apps/crypto/mbedtls/CMakeFiles/mbedtls.dir/mbedtls/library/psa_crypto_rsa.c.o
[1396/2236] Building C object apps/crypto/mbedtls/CMakeFiles/mbedtls.dir/mbedtls/library/psa_its_file.c.o
[1397/2236] Building C object apps/crypto/mbedtls/CMakeFiles/mbedtls.dir/mbedtls/library/psa_crypto_slot_management.c.o
[1398/2236] Building C object apps/crypto/mbedtls/CMakeFiles/mbedtls.dir/mbedtls/library/psa_crypto_storage.c.o
[1399/2236] Building C object apps/crypto/mbedtls/CMakeFiles/mbedtls.dir/mbedtls/library/psa_util.c.o
[1400/2236] Building C object apps/crypto/mbedtls/CMakeFiles/mbedtls.dir/mbedtls/library/ripemd160.c.o
[1401/2236] Building C object apps/crypto/mbedtls/CMakeFiles/mbedtls.dir/mbedtls/library/rsa_alt_helpers.c.o
[1402/2236] Building C object apps/crypto/mbedtls/CMakeFiles/mbedtls.dir/mbedtls/library/sha3.c.o
[1403/2236] Building C object apps/crypto/mbedtls/CMakeFiles/mbedtls.dir/mbedtls/library/sha1.c.o
[1404/2236] Building C object apps/crypto/mbedtls/CMakeFiles/mbedtls.dir/mbedtls/library/psa_crypto.c.o
[1405/2236] Building C object apps/crypto/mbedtls/CMakeFiles/mbedtls.dir/mbedtls/library/sha256.c.o
[1406/2236] Building C object apps/crypto/mbedtls/CMakeFiles/mbedtls.dir/mbedtls/library/sha512.c.o
[1407/2236] Building C object apps/crypto/mbedtls/CMakeFiles/mbedtls.dir/mbedtls/library/rsa.c.o
[1408/2236] Building C object apps/crypto/mbedtls/CMakeFiles/mbedtls.dir/mbedtls/library/ssl_cookie.c.o
[1409/2236] Building C object apps/crypto/mbedtls/CMakeFiles/mbedtls.dir/mbedtls/library/ssl_debug_helpers_generated.c.o
[1410/2236] Building C object apps/crypto/mbedtls/CMakeFiles/mbedtls.dir/mbedtls/library/ssl_cache.c.o
[1411/2236] Building C object apps/crypto/mbedtls/CMakeFiles/mbedtls.dir/mbedtls/library/ssl_ticket.c.o
[1412/2236] Building C object apps/crypto/mbedtls/CMakeFiles/mbedtls.dir/mbedtls/library/ssl_ciphersuites.c.o
[1413/2236] Building C object apps/crypto/mbedtls/CMakeFiles/mbedtls.dir/mbedtls/library/ssl_client.c.o
[1414/2236] Building C object apps/crypto/mbedtls/CMakeFiles/mbedtls.dir/mbedtls/library/ssl_tls13_client.c.o
[1415/2236] Building C object apps/crypto/mbedtls/CMakeFiles/mbedtls.dir/mbedtls/library/ssl_tls13_server.c.o
[1416/2236] Building C object apps/crypto/mbedtls/CMakeFiles/mbedtls.dir/mbedtls/library/ssl_tls13_keys.c.o
[1417/2236] Building C object apps/crypto/mbedtls/CMakeFiles/mbedtls.dir/mbedtls/library/ssl_tls13_generic.c.o
[1418/2236] Building C object apps/crypto/mbedtls/CMakeFiles/mbedtls.dir/mbedtls/library/threading.c.o
[1419/2236] Building C object apps/crypto/mbedtls/CMakeFiles/mbedtls.dir/mbedtls/library/version.c.o
[1420/2236] Building C object apps/crypto/mbedtls/CMakeFiles/mbedtls.dir/mbedtls/library/ssl_tls12_client.c.o
[1421/2236] Building C object apps/crypto/mbedtls/CMakeFiles/mbedtls.dir/mbedtls/library/ssl_tls12_server.c.o
[1422/2236] Building C object apps/crypto/mbedtls/CMakeFiles/mbedtls.dir/mbedtls/library/version_features.c.o
[1423/2236] Building C object apps/crypto/mbedtls/CMakeFiles/mbedtls.dir/mbedtls/library/timing.c.o
[1424/2236] Building C object apps/crypto/mbedtls/CMakeFiles/mbedtls.dir/mbedtls/library/ssl_msg.c.o
[1425/2236] Building C object apps/crypto/mbedtls/CMakeFiles/mbedtls.dir/mbedtls/library/x509_crt_pool.c.o
[1426/2236] Building C object apps/crypto/mbedtls/CMakeFiles/mbedtls.dir/mbedtls/library/ssl_tls.c.o
[1427/2236] Building C object apps/crypto/mbedtls/CMakeFiles/mbedtls.dir/mbedtls/library/x509.c.o
[1428/2236] Building C object apps/crypto/mbedtls/CMakeFiles/mbedtls.dir/mbedtls/library/x509_create.c.o
[1429/2236] Building C object apps/crypto/mbedtls/CMakeFiles/mbedtls.dir/mbedtls/library/x509_crl.c.o
[1430/2236] Building C object apps/crypto/mbedtls/CMakeFiles/mbedtls.dir/mbedtls/library/xtea.c.o
[1431/2236] Building C object apps/crypto/mbedtls/CMakeFiles/mbedtls.dir/mbedtls/library/x509_csr.c.o
[1432/2236] Building C object apps/crypto/mbedtls/CMakeFiles/mbedtls.dir/mbedtls/library/x509write_crt.c.o
[1433/2236] Building C object apps/crypto/mbedtls/CMakeFiles/mbedtls.dir/mbedtls/library/x509write_csr.c.o
[1434/2236] Building C object apps/crypto/mbedtls/CMakeFiles/mbedtls.dir/mbedtls/library/x509_crt.c.o
[1435/2236] Linking C static library apps/crypto/mbedtls/libmbedtls.a
[1436/2236] Building C object apps/graphics/lvgl/CMakeFiles/lvgl.dir/lvgl/demos/benchmark/assets/img_benchmark_cogwheel_alpha256.c.o
[1437/2236] Building C object apps/graphics/lvgl/CMakeFiles/lvgl.dir/lvgl/demos/benchmark/assets/img_benchmark_cogwheel_indexed16.c.o
[1438/2236] Building C object apps/graphics/lvgl/CMakeFiles/lvgl.dir/lvgl/demos/benchmark/assets/lv_font_benchmark_montserrat_12_compr_az.c.c.o
[1439/2236] Building C object apps/graphics/lvgl/CMakeFiles/lvgl.dir/lvgl/demos/benchmark/assets/lv_font_benchmark_montserrat_16_compr_az.c.c.o
[1440/2236] Building C object apps/graphics/lvgl/CMakeFiles/lvgl.dir/lvgl/demos/benchmark/assets/img_benchmark_cogwheel_rgb.c.o
[1441/2236] Building C object apps/graphics/lvgl/CMakeFiles/lvgl.dir/lvgl/demos/benchmark/assets/img_benchmark_cogwheel_argb.c.o
[1442/2236] Building C object apps/graphics/lvgl/CMakeFiles/lvgl.dir/lvgl/demos/benchmark/assets/lv_font_benchmark_montserrat_28_compr_az.c.c.o
[1443/2236] Building C object apps/graphics/lvgl/CMakeFiles/lvgl.dir/lvgl/demos/flex_layout/lv_demo_flex_layout_ctrl_pad.c.o
[1444/2236] Building C object apps/graphics/lvgl/CMakeFiles/lvgl.dir/lvgl/demos/flex_layout/lv_demo_flex_layout_flex_loader.c.o
[1445/2236] Building C object apps/graphics/lvgl/CMakeFiles/lvgl.dir/lvgl/demos/benchmark/lv_demo_benchmark.c.o
[1446/2236] Building C object apps/graphics/lvgl/CMakeFiles/lvgl.dir/lvgl/demos/flex_layout/lv_demo_flex_layout_main.c.o
[1447/2236] Building C object apps/graphics/lvgl/CMakeFiles/lvgl.dir/lvgl/demos/clipper/lv_demo_clipper.c.o
[1448/2236] Building C object apps/graphics/lvgl/CMakeFiles/lvgl.dir/lvgl/demos/flex_layout/lv_demo_flex_layout_view.c.o
[1449/2236] Building C object apps/graphics/lvgl/CMakeFiles/lvgl.dir/lvgl/demos/flex_layout/lv_demo_flex_layout_view_child_node.c.o
[1450/2236] Building C object apps/graphics/lvgl/CMakeFiles/lvgl.dir/lvgl/demos/flex_layout/lv_demo_flex_layout_view_ctrl_pad.c.o
[1451/2236] Building C object apps/graphics/lvgl/CMakeFiles/lvgl.dir/lvgl/demos/keypad_encoder/lv_demo_keypad_encoder.c.o
[1452/2236] Building C object apps/graphics/lvgl/CMakeFiles/lvgl.dir/lvgl/demos/lv_demos.c.o
[1453/2236] Building C object apps/graphics/lvgl/CMakeFiles/lvgl.dir/lvgl/demos/multilang/assets/avatars/img_multilang_avatar_1.c.o
[1454/2236] Building C object apps/graphics/lvgl/CMakeFiles/lvgl.dir/lvgl/demos/multilang/assets/avatars/img_multilang_avatar_10.c.o
[1455/2236] Building C object apps/graphics/lvgl/CMakeFiles/lvgl.dir/lvgl/demos/multilang/assets/avatars/img_multilang_avatar_11.c.o
[1456/2236] Building C object apps/graphics/lvgl/CMakeFiles/lvgl.dir/lvgl/demos/multilang/assets/avatars/img_multilang_avatar_12.c.o
[1457/2236] Building C object apps/graphics/lvgl/CMakeFiles/lvgl.dir/lvgl/demos/multilang/assets/avatars/img_multilang_avatar_13.c.o
[1458/2236] Building C object apps/graphics/lvgl/CMakeFiles/lvgl.dir/lvgl/demos/multilang/assets/avatars/img_multilang_avatar_14.c.o
[1459/2236] Building C object apps/graphics/lvgl/CMakeFiles/lvgl.dir/lvgl/demos/multilang/assets/avatars/img_multilang_avatar_15.c.o
[1460/2236] Building C object apps/graphics/lvgl/CMakeFiles/lvgl.dir/lvgl/demos/multilang/assets/avatars/img_multilang_avatar_16.c.o
[1461/2236] Building C object apps/graphics/lvgl/CMakeFiles/lvgl.dir/lvgl/demos/multilang/assets/avatars/img_multilang_avatar_19.c.o
[1462/2236] Building C object apps/graphics/lvgl/CMakeFiles/lvgl.dir/lvgl/demos/multilang/assets/avatars/img_multilang_avatar_17.c.o
[1463/2236] Building C object apps/graphics/lvgl/CMakeFiles/lvgl.dir/lvgl/demos/multilang/assets/avatars/img_multilang_avatar_18.c.o
[1464/2236] Building C object apps/graphics/lvgl/CMakeFiles/lvgl.dir/lvgl/demos/multilang/assets/avatars/img_multilang_avatar_2.c.o
[1465/2236] Building C object apps/graphics/lvgl/CMakeFiles/lvgl.dir/lvgl/demos/multilang/assets/avatars/img_multilang_avatar_22.c.o
[1466/2236] Building C object apps/graphics/lvgl/CMakeFiles/lvgl.dir/lvgl/demos/multilang/assets/avatars/img_multilang_avatar_25.c.o
[1467/2236] Building C object apps/graphics/lvgl/CMakeFiles/lvgl.dir/lvgl/demos/multilang/assets/avatars/img_multilang_avatar_3.c.o
[1468/2236] Building C object apps/graphics/lvgl/CMakeFiles/lvgl.dir/lvgl/demos/multilang/assets/avatars/img_multilang_avatar_4.c.o
[1469/2236] Building C object apps/graphics/lvgl/CMakeFiles/lvgl.dir/lvgl/demos/multilang/assets/avatars/img_multilang_avatar_5.c.o
[1470/2236] Building C object apps/graphics/lvgl/CMakeFiles/lvgl.dir/lvgl/demos/multilang/assets/avatars/img_multilang_avatar_6.c.o
[1471/2236] Building C object apps/graphics/lvgl/CMakeFiles/lvgl.dir/lvgl/demos/multilang/assets/emojis/img_emoji_artist_palette.c.o
[1472/2236] Building C object apps/graphics/lvgl/CMakeFiles/lvgl.dir/lvgl/demos/multilang/assets/avatars/img_multilang_avatar_7.c.o
[1473/2236] Building C object apps/graphics/lvgl/CMakeFiles/lvgl.dir/lvgl/demos/multilang/assets/avatars/img_multilang_avatar_8.c.o
[1474/2236] Building C object apps/graphics/lvgl/CMakeFiles/lvgl.dir/lvgl/demos/multilang/assets/avatars/img_multilang_avatar_9.c.o
[1475/2236] Building C object apps/graphics/lvgl/CMakeFiles/lvgl.dir/lvgl/demos/multilang/assets/emojis/img_emoji_books.c.o
[1476/2236] Building C object apps/graphics/lvgl/CMakeFiles/lvgl.dir/lvgl/demos/multilang/assets/emojis/img_emoji_camera_with_flash.c.o
[1477/2236] Building C object apps/graphics/lvgl/CMakeFiles/lvgl.dir/lvgl/demos/multilang/assets/emojis/img_emoji_deciduous_tree.c.o
[1478/2236] Building C object apps/graphics/lvgl/CMakeFiles/lvgl.dir/lvgl/demos/multilang/assets/emojis/img_emoji_cat_face.c.o
[1479/2236] Building C object apps/graphics/lvgl/CMakeFiles/lvgl.dir/lvgl/demos/multilang/assets/emojis/img_emoji_dog_face.c.o
[1480/2236] Building C object apps/graphics/lvgl/CMakeFiles/lvgl.dir/lvgl/demos/multilang/assets/emojis/img_emoji_earth_globe_europe_africa.c.o
[1481/2236] Building C object apps/graphics/lvgl/CMakeFiles/lvgl.dir/lvgl/demos/multilang/assets/emojis/img_emoji_movie_camera.c.o
[1482/2236] Building C object apps/graphics/lvgl/CMakeFiles/lvgl.dir/lvgl/demos/multilang/assets/emojis/img_emoji_flexed_biceps.c.o
[1483/2236] Building C object apps/graphics/lvgl/CMakeFiles/lvgl.dir/lvgl/demos/multilang/assets/emojis/img_emoji_rocket.c.o
[1484/2236] Building C object apps/graphics/lvgl/CMakeFiles/lvgl.dir/lvgl/demos/multilang/assets/emojis/img_emoji_red_heart.c.o
[1485/2236] Building C object apps/graphics/lvgl/CMakeFiles/lvgl.dir/lvgl/demos/multilang/assets/emojis/img_emoji_soccer_ball.c.o
[1486/2236] Building C object apps/graphics/lvgl/CMakeFiles/lvgl.dir/lvgl/demos/multilang/assets/fonts/font_multilang_large.c.o
[1487/2236] Building C object apps/graphics/lvgl/CMakeFiles/lvgl.dir/lvgl/demos/multilang/assets/img_multilang_like.c.o
[1488/2236] Building C object apps/graphics/lvgl/CMakeFiles/lvgl.dir/lvgl/demos/multilang/lv_demo_multilang.c.o
[1489/2236] Building C object apps/graphics/lvgl/CMakeFiles/lvgl.dir/lvgl/demos/music/assets/img_lv_demo_music_btn_corner_large.c.o
[1490/2236] Building C object apps/graphics/lvgl/CMakeFiles/lvgl.dir/lvgl/demos/multilang/assets/fonts/font_multilang_small.c.o
[1491/2236] Building C object apps/graphics/lvgl/CMakeFiles/lvgl.dir/lvgl/demos/music/assets/img_lv_demo_music_btn_list_pause.c.o
[1492/2236] Building C object apps/graphics/lvgl/CMakeFiles/lvgl.dir/lvgl/demos/music/assets/img_lv_demo_music_btn_list_pause_large.c.o
[1493/2236] Building C object apps/graphics/lvgl/CMakeFiles/lvgl.dir/lvgl/demos/music/assets/img_lv_demo_music_btn_list_play.c.o
[1494/2236] Building C object apps/graphics/lvgl/CMakeFiles/lvgl.dir/lvgl/demos/music/assets/img_lv_demo_music_btn_list_play_large.c.o
[1495/2236] Building C object apps/graphics/lvgl/CMakeFiles/lvgl.dir/lvgl/demos/music/assets/img_lv_demo_music_btn_loop.c.o
[1496/2236] Building C object apps/graphics/lvgl/CMakeFiles/lvgl.dir/lvgl/demos/music/assets/img_lv_demo_music_btn_next.c.o
[1497/2236] Building C object apps/graphics/lvgl/CMakeFiles/lvgl.dir/lvgl/demos/music/assets/img_lv_demo_music_btn_next_large.c.o
[1498/2236] Building C object apps/graphics/lvgl/CMakeFiles/lvgl.dir/lvgl/demos/music/assets/img_lv_demo_music_btn_loop_large.c.o
[1499/2236] Building C object apps/graphics/lvgl/CMakeFiles/lvgl.dir/lvgl/demos/music/assets/img_lv_demo_music_btn_pause.c.o
[1500/2236] Building C object apps/graphics/lvgl/CMakeFiles/lvgl.dir/lvgl/demos/music/assets/img_lv_demo_music_btn_pause_large.c.o
[1501/2236] Building C object apps/graphics/lvgl/CMakeFiles/lvgl.dir/lvgl/demos/music/assets/img_lv_demo_music_btn_play.c.o
[1502/2236] Building C object apps/graphics/lvgl/CMakeFiles/lvgl.dir/lvgl/demos/music/assets/img_lv_demo_music_btn_prev.c.o
[1503/2236] Building C object apps/graphics/lvgl/CMakeFiles/lvgl.dir/lvgl/demos/music/assets/img_lv_demo_music_btn_rnd.c.o
[1504/2236] Building C object apps/graphics/lvgl/CMakeFiles/lvgl.dir/lvgl/demos/music/assets/img_lv_demo_music_btn_prev_large.c.o
[1505/2236] Building C object apps/graphics/lvgl/CMakeFiles/lvgl.dir/lvgl/demos/music/assets/img_lv_demo_music_btn_play_large.c.o
[1506/2236] Building C object apps/graphics/lvgl/CMakeFiles/lvgl.dir/lvgl/demos/music/assets/img_lv_demo_music_btn_rnd_large.c.o
[1507/2236] Building C object apps/graphics/lvgl/CMakeFiles/lvgl.dir/lvgl/demos/music/assets/img_lv_demo_music_corner_left.c.o
[1508/2236] Building C object apps/graphics/lvgl/CMakeFiles/lvgl.dir/lvgl/demos/music/assets/img_lv_demo_music_corner_left_large.c.o
[1509/2236] Building C object apps/graphics/lvgl/CMakeFiles/lvgl.dir/lvgl/demos/music/assets/img_lv_demo_music_corner_right.c.o
[1510/2236] Building C object apps/graphics/lvgl/CMakeFiles/lvgl.dir/lvgl/demos/music/assets/img_lv_demo_music_corner_right_large.c.o
[1511/2236] Building C object apps/graphics/lvgl/CMakeFiles/lvgl.dir/lvgl/demos/music/assets/img_lv_demo_music_cover_2.c.o
[1512/2236] Building C object apps/graphics/lvgl/CMakeFiles/lvgl.dir/lvgl/demos/music/assets/img_lv_demo_music_cover_1.c.o
[1513/2236] Building C object apps/graphics/lvgl/CMakeFiles/lvgl.dir/lvgl/demos/music/assets/img_lv_demo_music_cover_3.c.o
[1514/2236] Building C object apps/graphics/lvgl/CMakeFiles/lvgl.dir/lvgl/demos/music/assets/img_lv_demo_music_icon_1.c.o
[1515/2236] Building C object apps/graphics/lvgl/CMakeFiles/lvgl.dir/lvgl/demos/music/assets/img_lv_demo_music_cover_1_large.c.o
[1516/2236] Building C object apps/graphics/lvgl/CMakeFiles/lvgl.dir/lvgl/demos/music/assets/img_lv_demo_music_icon_1_large.c.o
[1517/2236] Building C object apps/graphics/lvgl/CMakeFiles/lvgl.dir/lvgl/demos/music/assets/img_lv_demo_music_cover_2_large.c.o
[1518/2236] Building C object apps/graphics/lvgl/CMakeFiles/lvgl.dir/lvgl/demos/music/assets/img_lv_demo_music_icon_2.c.o
[1519/2236] Building C object apps/graphics/lvgl/CMakeFiles/lvgl.dir/lvgl/demos/music/assets/img_lv_demo_music_icon_3.c.o
[1520/2236] Building C object apps/graphics/lvgl/CMakeFiles/lvgl.dir/lvgl/demos/music/assets/img_lv_demo_music_icon_2_large.c.o
[1521/2236] Building C object apps/graphics/lvgl/CMakeFiles/lvgl.dir/lvgl/demos/music/assets/img_lv_demo_music_cover_3_large.c.o
[1522/2236] Building C object apps/graphics/lvgl/CMakeFiles/lvgl.dir/lvgl/demos/music/assets/img_lv_demo_music_icon_3_large.c.o
[1523/2236] Building C object apps/graphics/lvgl/CMakeFiles/lvgl.dir/lvgl/demos/music/assets/img_lv_demo_music_icon_4.c.o
[1524/2236] Building C object apps/graphics/lvgl/CMakeFiles/lvgl.dir/lvgl/demos/music/assets/img_lv_demo_music_icon_4_large.c.o
[1525/2236] Building C object apps/graphics/lvgl/CMakeFiles/lvgl.dir/lvgl/demos/music/assets/img_lv_demo_music_list_border.c.o
[1526/2236] Building C object apps/graphics/lvgl/CMakeFiles/lvgl.dir/lvgl/demos/music/assets/img_lv_demo_music_list_border_large.c.o
[1527/2236] Building C object apps/graphics/lvgl/CMakeFiles/lvgl.dir/lvgl/demos/music/assets/img_lv_demo_music_logo.c.o
[1528/2236] Building C object apps/graphics/lvgl/CMakeFiles/lvgl.dir/lvgl/demos/music/assets/img_lv_demo_music_slider_knob.c.o
[1529/2236] Building C object apps/graphics/lvgl/CMakeFiles/lvgl.dir/lvgl/demos/music/assets/img_lv_demo_music_slider_knob_large.c.o
[1530/2236] Building C object apps/graphics/lvgl/CMakeFiles/lvgl.dir/lvgl/demos/music/assets/img_lv_demo_music_wave_bottom.c.o
[1531/2236] Building C object apps/graphics/lvgl/CMakeFiles/lvgl.dir/lvgl/demos/music/assets/img_lv_demo_music_wave_top.c.o
[1532/2236] Building C object apps/graphics/lvgl/CMakeFiles/lvgl.dir/lvgl/demos/music/assets/img_lv_demo_music_wave_bottom_large.c.o
[1533/2236] Building C object apps/graphics/lvgl/CMakeFiles/lvgl.dir/lvgl/demos/music/assets/img_lv_demo_music_wave_top_large.c.o
[1534/2236] Building C object apps/graphics/lvgl/CMakeFiles/lvgl.dir/lvgl/demos/music/lv_demo_music.c.o
[1535/2236] Building C object apps/graphics/lvgl/CMakeFiles/lvgl.dir/lvgl/demos/music/lv_demo_music_main.c.o
[1536/2236] Building C object apps/graphics/lvgl/CMakeFiles/lvgl.dir/lvgl/demos/music/lv_demo_music_list.c.o
[1537/2236] Building C object apps/graphics/lvgl/CMakeFiles/lvgl.dir/lvgl/demos/render/assets/img_render_lvgl_logo_argb8888.c.o
[1538/2236] Building C object apps/graphics/lvgl/CMakeFiles/lvgl.dir/lvgl/demos/render/assets/img_render_lvgl_logo_rgb565.c.o
[1539/2236] Building C object apps/graphics/lvgl/CMakeFiles/lvgl.dir/lvgl/demos/render/assets/img_render_lvgl_logo_rgb888.c.o
[1540/2236] Building C object apps/graphics/lvgl/CMakeFiles/lvgl.dir/lvgl/demos/render/assets/img_render_lvgl_logo_xrgb8888.c.o
[1541/2236] Building C object apps/graphics/lvgl/CMakeFiles/lvgl.dir/lvgl/demos/render/assets/img_render_arc_bg.c.o
[1542/2236] Building C object apps/graphics/lvgl/CMakeFiles/lvgl.dir/lvgl/demos/scroll/lv_demo_scroll.c.o
[1543/2236] Building C object apps/graphics/lvgl/CMakeFiles/lvgl.dir/lvgl/demos/render/lv_demo_render.c.o
[1544/2236] Building C object apps/graphics/lvgl/CMakeFiles/lvgl.dir/lvgl/demos/stress/lv_demo_stress.c.o
[1545/2236] Building C object apps/graphics/lvgl/CMakeFiles/lvgl.dir/lvgl/demos/transform/lv_demo_transform.c.o
[1546/2236] Building C object apps/graphics/lvgl/CMakeFiles/lvgl.dir/lvgl/demos/vector_graphic/lv_demo_vector_graphic.c.o
[1547/2236] Building C object apps/graphics/lvgl/CMakeFiles/lvgl.dir/lvgl/demos/transform/assets/img_transform_avatar_15.c.o
[1548/2236] Building C object apps/graphics/lvgl/CMakeFiles/lvgl.dir/lvgl/demos/widgets/assets/img_clothes.c.o
[1549/2236] Building C object apps/graphics/lvgl/CMakeFiles/lvgl.dir/lvgl/demos/widgets/assets/img_demo_widgets_needle.c.o
[1550/2236] Building C object apps/graphics/lvgl/CMakeFiles/lvgl.dir/lvgl/demos/vector_graphic/assets/img_demo_vector_avatar.c.o
[1551/2236] Building C object apps/graphics/lvgl/CMakeFiles/lvgl.dir/lvgl/demos/widgets/assets/img_lvgl_logo.c.o
[1552/2236] Building C object apps/graphics/lvgl/CMakeFiles/lvgl.dir/lvgl/examples/anim/lv_example_anim_2.c.o
[1553/2236] Building C object apps/graphics/lvgl/CMakeFiles/lvgl.dir/lvgl/examples/anim/lv_example_anim_1.c.o
[1554/2236] Building C object apps/graphics/lvgl/CMakeFiles/lvgl.dir/lvgl/examples/anim/lv_example_anim_3.c.o
[1555/2236] Building C object apps/graphics/lvgl/CMakeFiles/lvgl.dir/lvgl/demos/widgets/lv_demo_widgets.c.o
[1556/2236] Building C object apps/graphics/lvgl/CMakeFiles/lvgl.dir/lvgl/demos/widgets/assets/img_demo_widgets_avatar.c.o
[1557/2236] Building C object apps/graphics/lvgl/CMakeFiles/lvgl.dir/lvgl/examples/anim/lv_example_anim_timeline_1.c.o
[1558/2236] Building C object apps/graphics/lvgl/CMakeFiles/lvgl.dir/lvgl/examples/assets/emoji/img_emoji_F617.c.o
[1559/2236] Building C object apps/graphics/lvgl/CMakeFiles/lvgl.dir/lvgl/examples/assets/img_caret_down.c.o
[1560/2236] Building C object apps/graphics/lvgl/CMakeFiles/lvgl.dir/lvgl/examples/assets/animimg001.c.o
[1561/2236] Building C object apps/graphics/lvgl/CMakeFiles/lvgl.dir/lvgl/examples/assets/img_cogwheel_indexed16.c.o
[1562/2236] Building C object apps/graphics/lvgl/CMakeFiles/lvgl.dir/lvgl/examples/assets/animimg002.c.o
[1563/2236] Building C object apps/graphics/lvgl/CMakeFiles/lvgl.dir/lvgl/examples/assets/img_cogwheel_argb.c.o
[1564/2236] Building C object apps/graphics/lvgl/CMakeFiles/lvgl.dir/lvgl/examples/assets/animimg003.c.o
[1565/2236] Building C object apps/graphics/lvgl/CMakeFiles/lvgl.dir/lvgl/examples/assets/img_cogwheel_rgb.c.o
[1566/2236] Building C object apps/graphics/lvgl/CMakeFiles/lvgl.dir/lvgl/examples/assets/img_hand.c.o
[1567/2236] Building C object apps/graphics/lvgl/CMakeFiles/lvgl.dir/lvgl/examples/assets/img_skew_strip.c.o
[1568/2236] Building C object apps/graphics/lvgl/CMakeFiles/lvgl.dir/lvgl/examples/assets/img_star.c.o
[1569/2236] Building C object apps/graphics/lvgl/CMakeFiles/lvgl.dir/lvgl/examples/assets/img_svg_img.c.o
[1570/2236] Building C object apps/graphics/lvgl/CMakeFiles/lvgl.dir/lvgl/examples/assets/imgbtn_left.c.o
[1571/2236] Building C object apps/graphics/lvgl/CMakeFiles/lvgl.dir/lvgl/examples/assets/imgbtn_right.c.o
[1572/2236] Building C object apps/graphics/lvgl/CMakeFiles/lvgl.dir/lvgl/examples/assets/imgbtn_mid.c.o
[1573/2236] Building C object apps/graphics/lvgl/CMakeFiles/lvgl.dir/lvgl/examples/event/lv_example_event_1.c.o
[1574/2236] Building C object apps/graphics/lvgl/CMakeFiles/lvgl.dir/lvgl/examples/event/lv_example_event_2.c.o
[1575/2236] Building C object apps/graphics/lvgl/CMakeFiles/lvgl.dir/lvgl/examples/event/lv_example_event_3.c.o
[1576/2236] Building C object apps/graphics/lvgl/CMakeFiles/lvgl.dir/lvgl/examples/event/lv_example_event_4.c.o
[1577/2236] Building C object apps/graphics/lvgl/CMakeFiles/lvgl.dir/lvgl/examples/get_started/lv_example_get_started_2.c.o
[1578/2236] Building C object apps/graphics/lvgl/CMakeFiles/lvgl.dir/lvgl/examples/get_started/lv_example_get_started_1.c.o
[1579/2236] Building C object apps/graphics/lvgl/CMakeFiles/lvgl.dir/lvgl/examples/get_started/lv_example_get_started_3.c.o
[1580/2236] Building C object apps/graphics/lvgl/CMakeFiles/lvgl.dir/lvgl/examples/get_started/lv_example_get_started_4.c.o
[1581/2236] Building C object apps/graphics/lvgl/CMakeFiles/lvgl.dir/lvgl/examples/layouts/flex/lv_example_flex_1.c.o
[1582/2236] Building C object apps/graphics/lvgl/CMakeFiles/lvgl.dir/lvgl/examples/layouts/flex/lv_example_flex_2.c.o
[1583/2236] Building C object apps/graphics/lvgl/CMakeFiles/lvgl.dir/lvgl/examples/layouts/flex/lv_example_flex_3.c.o
[1584/2236] Building C object apps/graphics/lvgl/CMakeFiles/lvgl.dir/lvgl/examples/layouts/flex/lv_example_flex_4.c.o
[1585/2236] Building C object apps/graphics/lvgl/CMakeFiles/lvgl.dir/lvgl/examples/layouts/flex/lv_example_flex_6.c.o
[1586/2236] Building C object apps/graphics/lvgl/CMakeFiles/lvgl.dir/lvgl/examples/layouts/flex/lv_example_flex_5.c.o
[1587/2236] Building C object apps/graphics/lvgl/CMakeFiles/lvgl.dir/lvgl/examples/layouts/grid/lv_example_grid_1.c.o
[1588/2236] Building C object apps/graphics/lvgl/CMakeFiles/lvgl.dir/lvgl/examples/layouts/grid/lv_example_grid_2.c.o
[1589/2236] Building C object apps/graphics/lvgl/CMakeFiles/lvgl.dir/lvgl/examples/layouts/grid/lv_example_grid_3.c.o
[1590/2236] Building C object apps/graphics/lvgl/CMakeFiles/lvgl.dir/lvgl/examples/layouts/grid/lv_example_grid_4.c.o
[1591/2236] Building C object apps/graphics/lvgl/CMakeFiles/lvgl.dir/lvgl/examples/layouts/grid/lv_example_grid_6.c.o
[1592/2236] Building C object apps/graphics/lvgl/CMakeFiles/lvgl.dir/lvgl/examples/layouts/grid/lv_example_grid_5.c.o
[1593/2236] Building C object apps/graphics/lvgl/CMakeFiles/lvgl.dir/lvgl/examples/libs/barcode/lv_example_barcode_1.c.o
[1594/2236] Building C object apps/graphics/lvgl/CMakeFiles/lvgl.dir/lvgl/examples/libs/bmp/lv_example_bmp_1.c.o
[1595/2236] Building C object apps/graphics/lvgl/CMakeFiles/lvgl.dir/lvgl/examples/libs/ffmpeg/lv_example_ffmpeg_1.c.o
[1596/2236] Building C object apps/graphics/lvgl/CMakeFiles/lvgl.dir/lvgl/examples/libs/ffmpeg/lv_example_ffmpeg_2.c.o
[1597/2236] Building C object apps/graphics/lvgl/CMakeFiles/lvgl.dir/lvgl/examples/libs/freetype/lv_example_freetype_1.c.o
[1598/2236] Building C object apps/graphics/lvgl/CMakeFiles/lvgl.dir/lvgl/examples/libs/gif/lv_example_gif_1.c.o
[1599/2236] Building C object apps/graphics/lvgl/CMakeFiles/lvgl.dir/lvgl/examples/libs/gif/img_bulb_gif.c.o
[1600/2236] Building C object apps/graphics/lvgl/CMakeFiles/lvgl.dir/lvgl/examples/libs/libjpeg_turbo/lv_example_libjpeg_turbo_1.c.o
[1601/2236] Building C object apps/graphics/lvgl/CMakeFiles/lvgl.dir/lvgl/examples/libs/libpng/img_png_demo.c.o
[1602/2236] Building C object apps/graphics/lvgl/CMakeFiles/lvgl.dir/lvgl/examples/libs/libpng/lv_example_libpng_1.c.o
[1603/2236] Building C object apps/graphics/lvgl/CMakeFiles/lvgl.dir/lvgl/examples/libs/lodepng/img_wink_png.c.o
[1604/2236] Building C object apps/graphics/lvgl/CMakeFiles/lvgl.dir/lvgl/examples/libs/lodepng/lv_example_lodepng_1.c.o
[1605/2236] Building C object apps/graphics/lvgl/CMakeFiles/lvgl.dir/lvgl/examples/libs/qrcode/lv_example_qrcode_1.c.o
[1606/2236] Building C object apps/graphics/lvgl/CMakeFiles/lvgl.dir/lvgl/examples/libs/rlottie/lv_example_rlottie_approve.c.o
[1607/2236] Building C object apps/graphics/lvgl/CMakeFiles/lvgl.dir/lvgl/examples/libs/rlottie/lv_example_rlottie_2.c.o
[1608/2236] Building C object apps/graphics/lvgl/CMakeFiles/lvgl.dir/lvgl/examples/libs/tiny_ttf/lv_example_tiny_ttf_1.c.o
[1609/2236] Building C object apps/graphics/lvgl/CMakeFiles/lvgl.dir/lvgl/examples/libs/svg/lv_example_svg_1.c.o
[1610/2236] Building C object apps/graphics/lvgl/CMakeFiles/lvgl.dir/lvgl/examples/libs/rlottie/lv_example_rlottie_1.c.o
[1611/2236] Building C object apps/graphics/lvgl/CMakeFiles/lvgl.dir/lvgl/examples/libs/tiny_ttf/lv_example_tiny_ttf_2.c.o
[1612/2236] Building C object apps/graphics/lvgl/CMakeFiles/lvgl.dir/lvgl/examples/libs/tiny_ttf/lv_example_tiny_ttf_3.c.o
[1613/2236] Building C object apps/graphics/lvgl/CMakeFiles/lvgl.dir/lvgl/examples/libs/tiny_ttf/ubuntu_font.c.o
[1614/2236] Building C object apps/graphics/lvgl/CMakeFiles/lvgl.dir/lvgl/examples/others/file_explorer/lv_example_file_explorer_1.c.o
[1615/2236] Building C object apps/graphics/lvgl/CMakeFiles/lvgl.dir/lvgl/examples/others/file_explorer/lv_example_file_explorer_2.c.o
[1616/2236] Building C object apps/graphics/lvgl/CMakeFiles/lvgl.dir/lvgl/examples/libs/tjpgd/lv_example_tjpgd_1.c.o
[1617/2236] Building C object apps/graphics/lvgl/CMakeFiles/lvgl.dir/lvgl/examples/others/file_explorer/lv_example_file_explorer_3.c.o
[1618/2236] Building C object apps/graphics/lvgl/CMakeFiles/lvgl.dir/lvgl/examples/others/fragment/lv_example_fragment_1.c.o
[1619/2236] Building C object apps/graphics/lvgl/CMakeFiles/lvgl.dir/lvgl/examples/others/fragment/lv_example_fragment_2.c.o
[1620/2236] Building C object apps/graphics/lvgl/CMakeFiles/lvgl.dir/lvgl/examples/others/gestures/lv_example_gestures.c.o
[1621/2236] Building C object apps/graphics/lvgl/CMakeFiles/lvgl.dir/lvgl/examples/others/gridnav/lv_example_gridnav_1.c.o
[1622/2236] Building C object apps/graphics/lvgl/CMakeFiles/lvgl.dir/lvgl/examples/others/gridnav/lv_example_gridnav_2.c.o
[1623/2236] Building C object apps/graphics/lvgl/CMakeFiles/lvgl.dir/lvgl/examples/others/gridnav/lv_example_gridnav_3.c.o
[1624/2236] Building C object apps/graphics/lvgl/CMakeFiles/lvgl.dir/lvgl/examples/others/ime/lv_example_ime_pinyin_1.c.o
[1625/2236] Building C object apps/graphics/lvgl/CMakeFiles/lvgl.dir/lvgl/examples/others/gridnav/lv_example_gridnav_4.c.o
[1626/2236] Building C object apps/graphics/lvgl/CMakeFiles/lvgl.dir/lvgl/examples/others/ime/lv_example_ime_pinyin_2.c.o
[1627/2236] Building C object apps/graphics/lvgl/CMakeFiles/lvgl.dir/lvgl/examples/others/monkey/lv_example_monkey_1.c.o
[1628/2236] Building C object apps/graphics/lvgl/CMakeFiles/lvgl.dir/lvgl/examples/others/imgfont/lv_example_imgfont_1.c.o
[1629/2236] Building C object apps/graphics/lvgl/CMakeFiles/lvgl.dir/lvgl/examples/others/monkey/lv_example_monkey_2.c.o
[1630/2236] Building C object apps/graphics/lvgl/CMakeFiles/lvgl.dir/lvgl/examples/others/observer/lv_example_observer_7.c.o
[1631/2236] Building C object apps/graphics/lvgl/CMakeFiles/lvgl.dir/lvgl/examples/others/monkey/lv_example_monkey_3.c.o
[1632/2236] Building C object apps/graphics/lvgl/CMakeFiles/lvgl.dir/lvgl/examples/others/observer/lv_example_observer_1.c.o
[1633/2236] Building C object apps/graphics/lvgl/CMakeFiles/lvgl.dir/lvgl/examples/others/observer/lv_example_observer_4.c.o
[1634/2236] Building C object apps/graphics/lvgl/CMakeFiles/lvgl.dir/lvgl/examples/porting/lv_port_fs_template.c.o
[1635/2236] Building C object apps/graphics/lvgl/CMakeFiles/lvgl.dir/lvgl/examples/porting/lv_port_disp_template.c.o
[1636/2236] Building C object apps/graphics/lvgl/CMakeFiles/lvgl.dir/lvgl/examples/porting/lv_port_indev_template.c.o
[1637/2236] Building C object apps/graphics/lvgl/CMakeFiles/lvgl.dir/lvgl/examples/porting/lv_port_lcd_stm32_template.c.o
[1638/2236] Building C object apps/graphics/lvgl/CMakeFiles/lvgl.dir/lvgl/examples/others/observer/lv_example_observer_2.c.o
[1639/2236] Building C object apps/graphics/lvgl/CMakeFiles/lvgl.dir/lvgl/examples/others/observer/lv_example_observer_5.c.o
[1640/2236] Building C object apps/graphics/lvgl/CMakeFiles/lvgl.dir/lvgl/examples/others/observer/lv_example_observer_3.c.o
[1641/2236] Building C object apps/graphics/lvgl/CMakeFiles/lvgl.dir/lvgl/examples/others/observer/lv_example_observer_6.c.o
[1642/2236] Building C object apps/graphics/lvgl/CMakeFiles/lvgl.dir/lvgl/examples/scroll/lv_example_scroll_1.c.o
[1643/2236] Building C object apps/graphics/lvgl/CMakeFiles/lvgl.dir/lvgl/examples/scroll/lv_example_scroll_3.c.o
[1644/2236] Building C object apps/graphics/lvgl/CMakeFiles/lvgl.dir/lvgl/examples/scroll/lv_example_scroll_2.c.o
[1645/2236] Building C object apps/graphics/lvgl/CMakeFiles/lvgl.dir/lvgl/examples/others/snapshot/lv_example_snapshot_1.c.o
[1646/2236] Building C object apps/graphics/lvgl/CMakeFiles/lvgl.dir/lvgl/examples/styles/lv_example_style_1.c.o
[1647/2236] Building C object apps/graphics/lvgl/CMakeFiles/lvgl.dir/lvgl/examples/scroll/lv_example_scroll_4.c.o
[1648/2236] Building C object apps/graphics/lvgl/CMakeFiles/lvgl.dir/lvgl/examples/scroll/lv_example_scroll_6.c.o
[1649/2236] Building C object apps/graphics/lvgl/CMakeFiles/lvgl.dir/lvgl/examples/scroll/lv_example_scroll_5.c.o
[1650/2236] Building C object apps/graphics/lvgl/CMakeFiles/lvgl.dir/lvgl/examples/styles/lv_example_style_13.c.o
[1651/2236] Building C object apps/graphics/lvgl/CMakeFiles/lvgl.dir/lvgl/examples/styles/lv_example_style_11.c.o
[1652/2236] Building C object apps/graphics/lvgl/CMakeFiles/lvgl.dir/lvgl/examples/styles/lv_example_style_10.c.o
[1653/2236] Building C object apps/graphics/lvgl/CMakeFiles/lvgl.dir/lvgl/examples/styles/lv_example_style_14.c.o
[1654/2236] Building C object apps/graphics/lvgl/CMakeFiles/lvgl.dir/lvgl/examples/styles/lv_example_style_12.c.o
[1655/2236] Building C object apps/graphics/lvgl/CMakeFiles/lvgl.dir/lvgl/examples/styles/lv_example_style_3.c.o
[1656/2236] Building C object apps/graphics/lvgl/CMakeFiles/lvgl.dir/lvgl/examples/styles/lv_example_style_2.c.o
[1657/2236] Building C object apps/graphics/lvgl/CMakeFiles/lvgl.dir/lvgl/examples/styles/lv_example_style_15.c.o
[1658/2236] Building C object apps/graphics/lvgl/CMakeFiles/lvgl.dir/lvgl/examples/styles/lv_example_style_4.c.o
[1659/2236] Building C object apps/graphics/lvgl/CMakeFiles/lvgl.dir/lvgl/examples/styles/lv_example_style_5.c.o
[1660/2236] Building C object apps/graphics/lvgl/CMakeFiles/lvgl.dir/lvgl/examples/styles/lv_example_style_6.c.o
[1661/2236] Building C object apps/graphics/lvgl/CMakeFiles/lvgl.dir/lvgl/examples/styles/lv_example_style_8.c.o
[1662/2236] Building C object apps/graphics/lvgl/CMakeFiles/lvgl.dir/lvgl/examples/styles/lv_example_style_9.c.o
[1663/2236] Building C object apps/graphics/lvgl/CMakeFiles/lvgl.dir/lvgl/examples/widgets/animimg/lv_example_animimg_1.c.o
[1664/2236] Building C object apps/graphics/lvgl/CMakeFiles/lvgl.dir/lvgl/examples/styles/lv_example_style_7.c.o
[1665/2236] Building C object apps/graphics/lvgl/CMakeFiles/lvgl.dir/lvgl/examples/widgets/arc/lv_example_arc_1.c.o
[1666/2236] Building C object apps/graphics/lvgl/CMakeFiles/lvgl.dir/lvgl/examples/widgets/arc/lv_example_arc_2.c.o
[1667/2236] Building C object apps/graphics/lvgl/CMakeFiles/lvgl.dir/lvgl/examples/widgets/arclabel/lv_example_arclabel_1.c.o
[1668/2236] Building C object apps/graphics/lvgl/CMakeFiles/lvgl.dir/lvgl/examples/widgets/bar/lv_example_bar_1.c.o
[1669/2236] Building C object apps/graphics/lvgl/CMakeFiles/lvgl.dir/lvgl/examples/widgets/bar/lv_example_bar_3.c.o
[1670/2236] Building C object apps/graphics/lvgl/CMakeFiles/lvgl.dir/lvgl/examples/widgets/bar/lv_example_bar_2.c.o
[1671/2236] Building C object apps/graphics/lvgl/CMakeFiles/lvgl.dir/lvgl/examples/widgets/bar/lv_example_bar_4.c.o
[1672/2236] Building C object apps/graphics/lvgl/CMakeFiles/lvgl.dir/lvgl/examples/widgets/bar/lv_example_bar_5.c.o
[1673/2236] Building C object apps/graphics/lvgl/CMakeFiles/lvgl.dir/lvgl/examples/widgets/bar/lv_example_bar_6.c.o
[1674/2236] Building C object apps/graphics/lvgl/CMakeFiles/lvgl.dir/lvgl/examples/widgets/bar/lv_example_bar_7.c.o
[1675/2236] Building C object apps/graphics/lvgl/CMakeFiles/lvgl.dir/lvgl/examples/widgets/button/lv_example_button_1.c.o
[1676/2236] Building C object apps/graphics/lvgl/CMakeFiles/lvgl.dir/lvgl/examples/widgets/button/lv_example_button_2.c.o
[1677/2236] Building C object apps/graphics/lvgl/CMakeFiles/lvgl.dir/lvgl/examples/widgets/button/lv_example_button_3.c.o
[1678/2236] Building C object apps/graphics/lvgl/CMakeFiles/lvgl.dir/lvgl/examples/widgets/buttonmatrix/lv_example_buttonmatrix_1.c.o
[1679/2236] Building C object apps/graphics/lvgl/CMakeFiles/lvgl.dir/lvgl/examples/widgets/buttonmatrix/lv_example_buttonmatrix_2.c.o
[1680/2236] Building C object apps/graphics/lvgl/CMakeFiles/lvgl.dir/lvgl/examples/widgets/calendar/lv_example_calendar_1.c.o
[1681/2236] Building C object apps/graphics/lvgl/CMakeFiles/lvgl.dir/lvgl/examples/widgets/buttonmatrix/lv_example_buttonmatrix_3.c.o
[1682/2236] Building C object apps/graphics/lvgl/CMakeFiles/lvgl.dir/lvgl/examples/widgets/canvas/lv_example_canvas_1.c.o
[1683/2236] Building C object apps/graphics/lvgl/CMakeFiles/lvgl.dir/lvgl/examples/widgets/canvas/lv_example_canvas_10.c.o
[1684/2236] Building C object apps/graphics/lvgl/CMakeFiles/lvgl.dir/lvgl/examples/widgets/canvas/lv_example_canvas_4.c.o
[1685/2236] Building C object apps/graphics/lvgl/CMakeFiles/lvgl.dir/lvgl/examples/widgets/canvas/lv_example_canvas_3.c.o
[1686/2236] Building C object apps/graphics/lvgl/CMakeFiles/lvgl.dir/lvgl/examples/widgets/canvas/lv_example_canvas_2.c.o
[1687/2236] Building C object apps/graphics/lvgl/CMakeFiles/lvgl.dir/lvgl/examples/widgets/canvas/lv_example_canvas_5.c.o
[1688/2236] Building C object apps/graphics/lvgl/CMakeFiles/lvgl.dir/lvgl/examples/widgets/canvas/lv_example_canvas_6.c.o
[1689/2236] Building C object apps/graphics/lvgl/CMakeFiles/lvgl.dir/lvgl/examples/widgets/canvas/lv_example_canvas_7.c.o
[1690/2236] Building C object apps/graphics/lvgl/CMakeFiles/lvgl.dir/lvgl/examples/widgets/canvas/lv_example_canvas_8.c.o
[1691/2236] Building C object apps/graphics/lvgl/CMakeFiles/lvgl.dir/lvgl/examples/widgets/canvas/lv_example_canvas_9.c.o
[1692/2236] Building C object apps/graphics/lvgl/CMakeFiles/lvgl.dir/lvgl/examples/widgets/chart/lv_example_chart_1.c.o
[1693/2236] Building C object apps/graphics/lvgl/CMakeFiles/lvgl.dir/lvgl/examples/widgets/chart/lv_example_chart_2.c.o
[1694/2236] Building C object apps/graphics/lvgl/CMakeFiles/lvgl.dir/lvgl/examples/widgets/chart/lv_example_chart_3.c.o
[1695/2236] Building C object apps/graphics/lvgl/CMakeFiles/lvgl.dir/lvgl/examples/widgets/chart/lv_example_chart_4.c.o
[1696/2236] Building C object apps/graphics/lvgl/CMakeFiles/lvgl.dir/lvgl/examples/widgets/chart/lv_example_chart_6.c.o
[1697/2236] Building C object apps/graphics/lvgl/CMakeFiles/lvgl.dir/lvgl/examples/widgets/chart/lv_example_chart_5.c.o
[1698/2236] Building C object apps/graphics/lvgl/CMakeFiles/lvgl.dir/lvgl/examples/widgets/chart/lv_example_chart_7.c.o
[1699/2236] Building C object apps/graphics/lvgl/CMakeFiles/lvgl.dir/lvgl/examples/widgets/chart/lv_example_chart_8.c.o
[1700/2236] Building C object apps/graphics/lvgl/CMakeFiles/lvgl.dir/lvgl/examples/widgets/checkbox/lv_example_checkbox_1.c.o
[1701/2236] Building C object apps/graphics/lvgl/CMakeFiles/lvgl.dir/lvgl/examples/widgets/checkbox/lv_example_checkbox_2.c.o
[1702/2236] Building C object apps/graphics/lvgl/CMakeFiles/lvgl.dir/lvgl/examples/widgets/dropdown/lv_example_dropdown_1.c.o
[1703/2236] Building C object apps/graphics/lvgl/CMakeFiles/lvgl.dir/lvgl/examples/widgets/dropdown/lv_example_dropdown_2.c.o
[1704/2236] Building C object apps/graphics/lvgl/CMakeFiles/lvgl.dir/lvgl/examples/widgets/dropdown/lv_example_dropdown_3.c.o
[1705/2236] Building C object apps/graphics/lvgl/CMakeFiles/lvgl.dir/lvgl/examples/widgets/image/lv_example_image_1.c.o
[1706/2236] Building C object apps/graphics/lvgl/CMakeFiles/lvgl.dir/lvgl/examples/widgets/image/lv_example_image_2.c.o
[1707/2236] Building C object apps/graphics/lvgl/CMakeFiles/lvgl.dir/lvgl/examples/widgets/image/lv_example_image_3.c.o
[1708/2236] Building C object apps/graphics/lvgl/CMakeFiles/lvgl.dir/lvgl/examples/widgets/image/lv_example_image_5.c.o
[1709/2236] Building C object apps/graphics/lvgl/CMakeFiles/lvgl.dir/lvgl/examples/widgets/image/lv_example_image_4.c.o
[1710/2236] Building C object apps/graphics/lvgl/CMakeFiles/lvgl.dir/lvgl/examples/widgets/keyboard/lv_example_keyboard_1.c.o
[1711/2236] Building C object apps/graphics/lvgl/CMakeFiles/lvgl.dir/lvgl/examples/widgets/keyboard/lv_example_keyboard_2.c.o
[1712/2236] Building C object apps/graphics/lvgl/CMakeFiles/lvgl.dir/lvgl/examples/widgets/imagebutton/lv_example_imagebutton_1.c.o
[1713/2236] Building C object apps/graphics/lvgl/CMakeFiles/lvgl.dir/lvgl/examples/widgets/label/lv_example_label_1.c.o
[1714/2236] Building C object apps/graphics/lvgl/CMakeFiles/lvgl.dir/lvgl/examples/widgets/label/lv_example_label_4.c.o
[1715/2236] Building C object apps/graphics/lvgl/CMakeFiles/lvgl.dir/lvgl/examples/widgets/label/lv_example_label_3.c.o
[1716/2236] Building C object apps/graphics/lvgl/CMakeFiles/lvgl.dir/lvgl/examples/widgets/label/lv_example_label_2.c.o
[1717/2236] Building C object apps/graphics/lvgl/CMakeFiles/lvgl.dir/lvgl/examples/widgets/label/lv_example_label_5.c.o
[1718/2236] Building C object apps/graphics/lvgl/CMakeFiles/lvgl.dir/lvgl/examples/widgets/line/lv_example_line_1.c.o
[1719/2236] Building C object apps/graphics/lvgl/CMakeFiles/lvgl.dir/lvgl/examples/widgets/led/lv_example_led_1.c.o
[1720/2236] Building C object apps/graphics/lvgl/CMakeFiles/lvgl.dir/lvgl/examples/widgets/list/lv_example_list_1.c.o
[1721/2236] Building C object apps/graphics/lvgl/CMakeFiles/lvgl.dir/lvgl/examples/widgets/list/lv_example_list_2.c.o
[1722/2236] Building C object apps/graphics/lvgl/CMakeFiles/lvgl.dir/lvgl/examples/widgets/lottie/lv_example_lottie_1.c.o
[1723/2236] Building C object apps/graphics/lvgl/CMakeFiles/lvgl.dir/lvgl/examples/widgets/lottie/lv_example_lottie_2.c.o
[1724/2236] Building C object apps/graphics/lvgl/CMakeFiles/lvgl.dir/lvgl/examples/widgets/menu/lv_example_menu_2.c.o
[1725/2236] Building C object apps/graphics/lvgl/CMakeFiles/lvgl.dir/lvgl/examples/widgets/menu/lv_example_menu_4.c.o
[1726/2236] Building C object apps/graphics/lvgl/CMakeFiles/lvgl.dir/lvgl/examples/widgets/menu/lv_example_menu_3.c.o
[1727/2236] Building C object apps/graphics/lvgl/CMakeFiles/lvgl.dir/lvgl/examples/widgets/menu/lv_example_menu_5.c.o
[1728/2236] Building C object apps/graphics/lvgl/CMakeFiles/lvgl.dir/lvgl/examples/widgets/menu/lv_example_menu_1.c.o
[1729/2236] Building C object apps/graphics/lvgl/CMakeFiles/lvgl.dir/lvgl/examples/widgets/lottie/lv_example_lottie_approve.c.o
[1730/2236] Building C object apps/graphics/lvgl/CMakeFiles/lvgl.dir/lvgl/examples/widgets/obj/lv_example_obj_1.c.o
[1731/2236] Building C object apps/graphics/lvgl/CMakeFiles/lvgl.dir/lvgl/examples/widgets/obj/lv_example_obj_2.c.o
[1732/2236] Building C object apps/graphics/lvgl/CMakeFiles/lvgl.dir/lvgl/examples/widgets/msgbox/lv_example_msgbox_1.c.o
[1733/2236] Building C object apps/graphics/lvgl/CMakeFiles/lvgl.dir/lvgl/examples/widgets/obj/lv_example_obj_3.c.o
[1734/2236] Building C object apps/graphics/lvgl/CMakeFiles/lvgl.dir/lvgl/examples/widgets/roller/lv_example_roller_1.c.o
[1735/2236] Building C object apps/graphics/lvgl/CMakeFiles/lvgl.dir/lvgl/examples/widgets/roller/lv_example_roller_3.c.o
[1736/2236] Building C object apps/graphics/lvgl/CMakeFiles/lvgl.dir/lvgl/examples/widgets/scale/lv_example_scale_1.c.o
[1737/2236] Building C object apps/graphics/lvgl/CMakeFiles/lvgl.dir/lvgl/examples/widgets/roller/lv_example_roller_2.c.o
[1738/2236] Building C object apps/graphics/lvgl/CMakeFiles/lvgl.dir/lvgl/examples/widgets/scale/lv_example_scale_3.c.o
[1739/2236] Building C object apps/graphics/lvgl/CMakeFiles/lvgl.dir/lvgl/examples/widgets/scale/lv_example_scale_4.c.o
[1740/2236] Building C object apps/graphics/lvgl/CMakeFiles/lvgl.dir/lvgl/examples/widgets/scale/lv_example_scale_2.c.o
[1741/2236] Building C object apps/graphics/lvgl/CMakeFiles/lvgl.dir/lvgl/examples/widgets/slider/lv_example_slider_1.c.o
[1742/2236] Building C object apps/graphics/lvgl/CMakeFiles/lvgl.dir/lvgl/examples/widgets/scale/lv_example_scale_5.c.o
[1743/2236] Building C object apps/graphics/lvgl/CMakeFiles/lvgl.dir/lvgl/examples/widgets/slider/lv_example_slider_4.c.o
[1744/2236] Building C object apps/graphics/lvgl/CMakeFiles/lvgl.dir/lvgl/examples/widgets/slider/lv_example_slider_2.c.o
[1745/2236] Building C object apps/graphics/lvgl/CMakeFiles/lvgl.dir/lvgl/examples/widgets/slider/lv_example_slider_3.c.o
[1746/2236] Building C object apps/graphics/lvgl/CMakeFiles/lvgl.dir/lvgl/examples/widgets/span/lv_example_span_1.c.o
[1747/2236] Building C object apps/graphics/lvgl/CMakeFiles/lvgl.dir/lvgl/examples/widgets/spinbox/lv_example_spinbox_1.c.o
[1748/2236] Building C object apps/graphics/lvgl/CMakeFiles/lvgl.dir/lvgl/examples/widgets/spinner/lv_example_spinner_1.c.o
[1749/2236] Building C object apps/graphics/lvgl/CMakeFiles/lvgl.dir/lvgl/examples/widgets/switch/lv_example_switch_1.c.o
[1750/2236] Building C object apps/graphics/lvgl/CMakeFiles/lvgl.dir/lvgl/examples/widgets/table/lv_example_table_1.c.o
[1751/2236] Building C object apps/graphics/lvgl/CMakeFiles/lvgl.dir/lvgl/examples/widgets/table/lv_example_table_2.c.o
[1752/2236] Building C object apps/graphics/lvgl/CMakeFiles/lvgl.dir/lvgl/examples/widgets/tabview/lv_example_tabview_1.c.o
[1753/2236] Building C object apps/graphics/lvgl/CMakeFiles/lvgl.dir/lvgl/examples/widgets/tabview/lv_example_tabview_2.c.o
[1754/2236] Building C object apps/graphics/lvgl/CMakeFiles/lvgl.dir/lvgl/src/core/lv_group.c.o
[1755/2236] Building C object apps/graphics/lvgl/CMakeFiles/lvgl.dir/lvgl/src/core/lv_obj_class.c.o
[1756/2236] Building C object apps/graphics/lvgl/CMakeFiles/lvgl.dir/lvgl/examples/widgets/textarea/lv_example_textarea_1.c.o
[1757/2236] Building C object apps/graphics/lvgl/CMakeFiles/lvgl.dir/lvgl/examples/widgets/textarea/lv_example_textarea_2.c.o
[1758/2236] Building C object apps/graphics/lvgl/CMakeFiles/lvgl.dir/lvgl/examples/widgets/textarea/lv_example_textarea_3.c.o
[1759/2236] Building C object apps/graphics/lvgl/CMakeFiles/lvgl.dir/lvgl/src/core/lv_obj.c.o
[1760/2236] Building C object apps/graphics/lvgl/CMakeFiles/lvgl.dir/lvgl/examples/widgets/win/lv_example_win_1.c.o
[1761/2236] Building C object apps/graphics/lvgl/CMakeFiles/lvgl.dir/lvgl/examples/widgets/tileview/lv_example_tileview_1.c.o
[1762/2236] Building C object apps/graphics/lvgl/CMakeFiles/lvgl.dir/lvgl/src/core/lv_obj_property.c.o
[1763/2236] Building C object apps/graphics/lvgl/CMakeFiles/lvgl.dir/lvgl/src/core/lv_obj_id_builtin.c.o
[1764/2236] Building C object apps/graphics/lvgl/CMakeFiles/lvgl.dir/lvgl/src/core/lv_obj_event.c.o
[1765/2236] Building C object apps/graphics/lvgl/CMakeFiles/lvgl.dir/lvgl/src/core/lv_obj_draw.c.o
[1766/2236] Building C object apps/graphics/lvgl/CMakeFiles/lvgl.dir/lvgl/src/draw/convert/helium/lv_draw_buf_convert_helium.c.o
[1767/2236] Building C object apps/graphics/lvgl/CMakeFiles/lvgl.dir/lvgl/src/core/lv_obj_scroll.c.o
[1768/2236] Building C object apps/graphics/lvgl/CMakeFiles/lvgl.dir/lvgl/src/core/lv_obj_style_gen.c.o
[1769/2236] Building C object apps/graphics/lvgl/CMakeFiles/lvgl.dir/lvgl/src/core/lv_obj_pos.c.o
[1770/2236] Building C object apps/graphics/lvgl/CMakeFiles/lvgl.dir/lvgl/src/draw/convert/lv_draw_buf_convert.c.o
[1771/2236] Building C object apps/graphics/lvgl/CMakeFiles/lvgl.dir/lvgl/src/core/lv_obj_tree.c.o
[1772/2236] Building C object apps/graphics/lvgl/CMakeFiles/lvgl.dir/lvgl/src/core/lv_refr.c.o
[1773/2236] Building C object apps/graphics/lvgl/CMakeFiles/lvgl.dir/lvgl/src/core/lv_obj_style.c.o
[1774/2236] Building C object apps/graphics/lvgl/CMakeFiles/lvgl.dir/lvgl/src/draw/convert/neon/lv_draw_buf_convert_neon.c.o
[1775/2236] Building C object apps/graphics/lvgl/CMakeFiles/lvgl.dir/lvgl/src/display/lv_display.c.o
[1776/2236] Building C object apps/graphics/lvgl/CMakeFiles/lvgl.dir/lvgl/src/draw/lv_draw_buf_blur.c.o
[1777/2236] Building C object apps/graphics/lvgl/CMakeFiles/lvgl.dir/lvgl/src/draw/lv_draw_arc.c.o
[1778/2236] Building C object apps/graphics/lvgl/CMakeFiles/lvgl.dir/lvgl/src/draw/lv_draw.c.o
[1779/2236] Building C object apps/graphics/lvgl/CMakeFiles/lvgl.dir/lvgl/src/draw/lv_draw_task_linear_alloc.c.o
[1780/2236] Building C object apps/graphics/lvgl/CMakeFiles/lvgl.dir/lvgl/src/draw/lv_draw_buf.c.o
[1781/2236] Building C object apps/graphics/lvgl/CMakeFiles/lvgl.dir/lvgl/src/draw/lv_draw_line.c.o
[1782/2236] Building C object apps/graphics/lvgl/CMakeFiles/lvgl.dir/lvgl/src/draw/lv_draw_mask.c.o
[1783/2236] Building C object apps/graphics/lvgl/CMakeFiles/lvgl.dir/lvgl/src/draw/lv_draw_image.c.o
[1784/2236] Building C object apps/graphics/lvgl/CMakeFiles/lvgl.dir/lvgl/src/draw/lv_image_buf_v8.c.o
[1785/2236] Building C object apps/graphics/lvgl/CMakeFiles/lvgl.dir/lvgl/src/draw/lv_draw_rect.c.o
[1786/2236] Building C object apps/graphics/lvgl/CMakeFiles/lvgl.dir/lvgl/src/draw/lv_draw_triangle.c.o
[1787/2236] Building C object apps/graphics/lvgl/CMakeFiles/lvgl.dir/lvgl/src/draw/lv_draw_vector.c.o
[1788/2236] Building C object apps/graphics/lvgl/CMakeFiles/lvgl.dir/lvgl/src/draw/lv_draw_label.c.o
[1789/2236] Building C object apps/graphics/lvgl/CMakeFiles/lvgl.dir/lvgl/src/draw/renesas/dave2d/lv_draw_dave2d.c.o
[1790/2236] Building C object apps/graphics/lvgl/CMakeFiles/lvgl.dir/lvgl/src/draw/renesas/dave2d/lv_draw_dave2d_arc.c.o
[1791/2236] Building C object apps/graphics/lvgl/CMakeFiles/lvgl.dir/lvgl/src/draw/renesas/dave2d/lv_draw_dave2d_border.c.o
[1792/2236] Building C object apps/graphics/lvgl/CMakeFiles/lvgl.dir/lvgl/src/draw/renesas/dave2d/lv_draw_dave2d_fill.c.o
[1793/2236] Building C object apps/graphics/lvgl/CMakeFiles/lvgl.dir/lvgl/src/draw/lv_vector_clipper.c.o
[1794/2236] Building C object apps/graphics/lvgl/CMakeFiles/lvgl.dir/lvgl/src/draw/renesas/dave2d/lv_draw_dave2d_image.c.o
[1795/2236] Building C object apps/graphics/lvgl/CMakeFiles/lvgl.dir/lvgl/src/draw/renesas/dave2d/lv_draw_dave2d_line.c.o
[1796/2236] Building C object apps/graphics/lvgl/CMakeFiles/lvgl.dir/lvgl/src/draw/renesas/dave2d/lv_draw_dave2d_label.c.o
[1797/2236] Building C object apps/graphics/lvgl/CMakeFiles/lvgl.dir/lvgl/src/draw/lv_vector_stroke.c.o
[1798/2236] Building C object apps/graphics/lvgl/CMakeFiles/lvgl.dir/lvgl/src/draw/renesas/dave2d/lv_draw_dave2d_mask_rectangle.c.o
[1799/2236] Building ASM object apps/graphics/lvgl/CMakeFiles/lvgl.dir/lvgl/src/draw/sw/blend/helium/lv_blend_helium.S.o
[1800/2236] Building C object apps/graphics/lvgl/CMakeFiles/lvgl.dir/lvgl/src/draw/lv_vector_polygon.c.o
[1801/2236] Building C object apps/graphics/lvgl/CMakeFiles/lvgl.dir/lvgl/src/draw/renesas/dave2d/lv_draw_dave2d_triangle.c.o
[1802/2236] Building C object apps/graphics/lvgl/CMakeFiles/lvgl.dir/lvgl/src/draw/renesas/dave2d/lv_draw_dave2d_utils.c.o
[1803/2236] Building C object apps/graphics/lvgl/CMakeFiles/lvgl.dir/lvgl/src/draw/lv_image_decoder.c.o
[1804/2236] Building ASM object apps/graphics/lvgl/CMakeFiles/lvgl.dir/lvgl/src/draw/sw/blend/neon/lv_blend_neon.S.o
[1805/2236] Building C object apps/graphics/lvgl/CMakeFiles/lvgl.dir/lvgl/src/draw/sdl/lv_draw_sdl.c.o
[1806/2236] Building C object apps/graphics/lvgl/CMakeFiles/lvgl.dir/lvgl/src/draw/sw/blend/lv_draw_sw_blend.c.o
[1807/2236] Building C object apps/graphics/lvgl/CMakeFiles/lvgl.dir/lvgl/src/draw/sw/lv_draw_sw_arc.c.o
[1808/2236] Building C object apps/graphics/lvgl/CMakeFiles/lvgl.dir/lvgl/src/draw/sw/blend/lv_draw_sw_blend_to_argb8888.c.o
[1809/2236] Building C object apps/graphics/lvgl/CMakeFiles/lvgl.dir/lvgl/src/draw/sw/blend/lv_draw_sw_blend_to_rgb565.c.o
[1810/2236] Building C object apps/graphics/lvgl/CMakeFiles/lvgl.dir/lvgl/src/draw/sw/blend/lv_draw_sw_blend_to_rgb888.c.o
[1811/2236] Building C object apps/graphics/lvgl/CMakeFiles/lvgl.dir/lvgl/src/draw/sw/lv_draw_sw_border.c.o
[1812/2236] Building C object apps/graphics/lvgl/CMakeFiles/lvgl.dir/lvgl/src/draw/sw/lv_draw_sw.c.o
[1813/2236] Building C object apps/graphics/lvgl/CMakeFiles/lvgl.dir/lvgl/src/draw/sw/lv_draw_sw_gradient.c.o
[1814/2236] Building C object apps/graphics/lvgl/CMakeFiles/lvgl.dir/lvgl/src/draw/sw/lv_draw_sw_fill.c.o
[1815/2236] Building C object apps/graphics/lvgl/CMakeFiles/lvgl.dir/lvgl/src/draw/sw/lv_draw_sw_box_shadow.c.o
[1816/2236] Building C object apps/graphics/lvgl/CMakeFiles/lvgl.dir/lvgl/src/draw/sw/lv_draw_sw_letter.c.o
[1817/2236] Building C object apps/graphics/lvgl/CMakeFiles/lvgl.dir/lvgl/src/draw/sw/lv_draw_sw_mask_rect.c.o
[1818/2236] Building C object apps/graphics/lvgl/CMakeFiles/lvgl.dir/lvgl/src/draw/sw/lv_draw_sw_line.c.o
[1819/2236] Building C object apps/graphics/lvgl/CMakeFiles/lvgl.dir/lvgl/src/draw/sw/lv_draw_sw_img.c.o
[1820/2236] Building C object apps/graphics/lvgl/CMakeFiles/lvgl.dir/lvgl/src/draw/sw/lv_draw_sw_vector.c.o
[1821/2236] Building C object apps/graphics/lvgl/CMakeFiles/lvgl.dir/lvgl/src/draw/sw/lv_draw_sw_triangle.c.o
[1822/2236] Building C object apps/graphics/lvgl/CMakeFiles/lvgl.dir/lvgl/src/draw/sw/lv_draw_sw_mask.c.o
[1823/2236] Building C object apps/graphics/lvgl/CMakeFiles/lvgl.dir/lvgl/src/draw/vector_optimize/lv_draw_vector.c.o
[1824/2236] Building C object apps/graphics/lvgl/CMakeFiles/lvgl.dir/lvgl/src/draw/vector_optimize/lv_draw_sw_vector.c.o
[1825/2236] Building C object apps/graphics/lvgl/CMakeFiles/lvgl.dir/lvgl/src/draw/sw/lv_draw_sw_transform.c.o
[1826/2236] Building C object apps/graphics/lvgl/CMakeFiles/lvgl.dir/lvgl/src/draw/vector_optimize/lv_draw_vector_private.c.o
[1827/2236] Building C object apps/graphics/lvgl/CMakeFiles/lvgl.dir/lvgl/src/draw/vector_optimize/lv_vector_clipper.c.o
[1828/2236] Building C object apps/graphics/lvgl/CMakeFiles/lvgl.dir/lvgl/src/draw/vector_optimize/lv_vector_stroke.c.o
[1829/2236] Building C object apps/graphics/lvgl/CMakeFiles/lvgl.dir/lvgl/src/drivers/display/st7735/lv_st7735.c.o
[1830/2236] Building C object apps/graphics/lvgl/CMakeFiles/lvgl.dir/lvgl/src/drivers/display/ili9341/lv_ili9341.c.o
[1831/2236] Building C object apps/graphics/lvgl/CMakeFiles/lvgl.dir/lvgl/src/drivers/display/fb/lv_linux_fbdev.c.o
[1832/2236] Building C object apps/graphics/lvgl/CMakeFiles/lvgl.dir/lvgl/src/draw/vector_optimize/lv_vector_polygon.c.o
[1833/2236] Building C object apps/graphics/lvgl/CMakeFiles/lvgl.dir/lvgl/src/drivers/display/drm/lv_linux_drm.c.o
[1834/2236] Building C object apps/graphics/lvgl/CMakeFiles/lvgl.dir/lvgl/src/drivers/display/lcd/lv_lcd_generic_mipi.c.o
[1835/2236] Building C object apps/graphics/lvgl/CMakeFiles/lvgl.dir/lvgl/src/drivers/evdev/lv_evdev.c.o
[1836/2236] Building C object apps/graphics/lvgl/CMakeFiles/lvgl.dir/lvgl/src/drivers/libinput/lv_xkb.c.o
[1837/2236] Building C object apps/graphics/lvgl/CMakeFiles/lvgl.dir/lvgl/src/drivers/libinput/lv_libinput.c.o
[1838/2236] Building C object apps/graphics/lvgl/CMakeFiles/lvgl.dir/lvgl/src/drivers/display/st7789/lv_st7789.c.o
[1839/2236] Building C object apps/graphics/lvgl/CMakeFiles/lvgl.dir/lvgl/src/drivers/display/st7796/lv_st7796.c.o
[1840/2236] Building CXX object apps/graphics/lvgl/CMakeFiles/lvgl.dir/lvgl/src/drivers/display/tft_espi/lv_tft_espi.cpp.o
[1841/2236] Building C object apps/graphics/lvgl/CMakeFiles/lvgl.dir/lvgl/src/drivers/nuttx/lv_nuttx_mouse.c.o
[1842/2236] Building C object apps/graphics/lvgl/CMakeFiles/lvgl.dir/lvgl/src/drivers/nuttx/lv_nuttx_cache.c.o
[1843/2236] Building C object apps/graphics/lvgl/CMakeFiles/lvgl.dir/lvgl/src/drivers/nuttx/lv_nuttx_libuv.c.o
[1844/2236] Building C object apps/graphics/lvgl/CMakeFiles/lvgl.dir/lvgl/src/drivers/nuttx/lv_nuttx_entry.c.o
[1845/2236] Building C object apps/graphics/lvgl/CMakeFiles/lvgl.dir/lvgl/src/drivers/nuttx/lv_nuttx_profiler.c.o
[1846/2236] Building C object apps/graphics/lvgl/CMakeFiles/lvgl.dir/lvgl/src/drivers/nuttx/lv_nuttx_image_cache.c.o
[1847/2236] Building C object apps/graphics/lvgl/CMakeFiles/lvgl.dir/lvgl/src/drivers/sdl/lv_sdl_keyboard.c.o
[1848/2236] Building C object apps/graphics/lvgl/CMakeFiles/lvgl.dir/lvgl/src/drivers/nuttx/lv_nuttx_fbdev.c.o
[1849/2236] Building C object apps/graphics/lvgl/CMakeFiles/lvgl.dir/lvgl/src/drivers/sdl/lv_sdl_mouse.c.o
[1850/2236] Building C object apps/graphics/lvgl/CMakeFiles/lvgl.dir/lvgl/src/drivers/nuttx/lv_nuttx_lcd.c.o
[1851/2236] Building C object apps/graphics/lvgl/CMakeFiles/lvgl.dir/lvgl/src/drivers/sdl/lv_sdl_mousewheel.c.o
[1852/2236] Building C object apps/graphics/lvgl/CMakeFiles/lvgl.dir/lvgl/src/drivers/sdl/lv_sdl_window.c.o
[1853/2236] Building C object apps/graphics/lvgl/CMakeFiles/lvgl.dir/lvgl/src/drivers/windows/lv_windows_context.c.o
[1854/2236] Building C object apps/graphics/lvgl/CMakeFiles/lvgl.dir/lvgl/src/drivers/windows/lv_windows_display.c.o
[1855/2236] Building C object apps/graphics/lvgl/CMakeFiles/lvgl.dir/lvgl/src/drivers/nuttx/lv_nuttx_touchscreen.c.o
[1856/2236] Building C object apps/graphics/lvgl/CMakeFiles/lvgl.dir/lvgl/src/font/lv_font.c.o
[1857/2236] Building C object apps/graphics/lvgl/CMakeFiles/lvgl.dir/lvgl/src/drivers/windows/lv_windows_input.c.o
[1858/2236] Building C object apps/graphics/lvgl/CMakeFiles/lvgl.dir/lvgl/src/drivers/x11/lv_x11_input.c.o
[1859/2236] Building C object apps/graphics/lvgl/CMakeFiles/lvgl.dir/lvgl/src/drivers/x11/lv_x11_display.c.o
[1860/2236] Building C object apps/graphics/lvgl/CMakeFiles/lvgl.dir/lvgl/src/font/lv_font_fmt_txt.c.o
[1861/2236] Building C object apps/graphics/lvgl/CMakeFiles/lvgl.dir/lvgl/src/font/lv_binfont_loader.c.o
[1862/2236] Building C object apps/graphics/lvgl/CMakeFiles/lvgl.dir/lvgl/src/font/lv_font_montserrat_10.c.o
[1863/2236] Building C object apps/graphics/lvgl/CMakeFiles/lvgl.dir/lvgl/src/font/lv_font_dejavu_16_persian_hebrew.c.o
[1864/2236] Building C object apps/graphics/lvgl/CMakeFiles/lvgl.dir/lvgl/src/font/lv_font_montserrat_12.c.o
[1865/2236] Building C object apps/graphics/lvgl/CMakeFiles/lvgl.dir/lvgl/src/font/lv_font_montserrat_14.c.o
[1866/2236] Building C object apps/graphics/lvgl/CMakeFiles/lvgl.dir/lvgl/src/font/lv_font_montserrat_18.c.o
[1867/2236] Building C object apps/graphics/lvgl/CMakeFiles/lvgl.dir/lvgl/src/font/lv_font_montserrat_16.c.o
[1868/2236] Building C object apps/graphics/lvgl/CMakeFiles/lvgl.dir/lvgl/src/font/lv_font_montserrat_20.c.o
[1869/2236] Building C object apps/graphics/lvgl/CMakeFiles/lvgl.dir/lvgl/src/font/lv_font_montserrat_22.c.o
[1870/2236] Building C object apps/graphics/lvgl/CMakeFiles/lvgl.dir/lvgl/src/font/lv_font_montserrat_24.c.o
[1871/2236] Building C object apps/graphics/lvgl/CMakeFiles/lvgl.dir/lvgl/src/font/lv_font_montserrat_26.c.o
[1872/2236] Building C object apps/graphics/lvgl/CMakeFiles/lvgl.dir/lvgl/src/font/lv_font_montserrat_28_compressed.c.o
[1873/2236] Building C object apps/graphics/lvgl/CMakeFiles/lvgl.dir/lvgl/src/font/lv_font_montserrat_28.c.o
[1874/2236] Building C object apps/graphics/lvgl/CMakeFiles/lvgl.dir/lvgl/src/font/lv_font_montserrat_30.c.o
[1875/2236] Building C object apps/graphics/lvgl/CMakeFiles/lvgl.dir/lvgl/src/font/lv_font_montserrat_32.c.o
[1876/2236] Building C object apps/graphics/lvgl/CMakeFiles/lvgl.dir/lvgl/src/font/lv_font_montserrat_34.c.o
[1877/2236] Building C object apps/graphics/lvgl/CMakeFiles/lvgl.dir/lvgl/src/font/lv_font_montserrat_36.c.o
[1878/2236] Building C object apps/graphics/lvgl/CMakeFiles/lvgl.dir/lvgl/src/font/lv_font_montserrat_38.c.o
[1879/2236] Building C object apps/graphics/lvgl/CMakeFiles/lvgl.dir/lvgl/src/font/lv_font_montserrat_40.c.o
[1880/2236] Building C object apps/graphics/lvgl/CMakeFiles/lvgl.dir/lvgl/src/font/lv_font_montserrat_42.c.o
[1881/2236] Building C object apps/graphics/lvgl/CMakeFiles/lvgl.dir/lvgl/src/font/lv_font_montserrat_44.c.o
[1882/2236] Building C object apps/graphics/lvgl/CMakeFiles/lvgl.dir/lvgl/src/indev/lv_indev_gesture.c.o
[1883/2236] Building C object apps/graphics/lvgl/CMakeFiles/lvgl.dir/lvgl/src/font/lv_font_montserrat_8.c.o
[1884/2236] Building C object apps/graphics/lvgl/CMakeFiles/lvgl.dir/lvgl/src/font/lv_font_montserrat_46.c.o
[1885/2236] Building C object apps/graphics/lvgl/CMakeFiles/lvgl.dir/lvgl/src/font/lv_font_montserrat_48.c.o
[1886/2236] Building C object apps/graphics/lvgl/CMakeFiles/lvgl.dir/lvgl/src/indev/lv_indev_scroll.c.o
[1887/2236] Building C object apps/graphics/lvgl/CMakeFiles/lvgl.dir/lvgl/src/indev/lv_indev.c.o
[1888/2236] Building C object apps/graphics/lvgl/CMakeFiles/lvgl.dir/lvgl/src/layouts/lv_layout.c.o
[1889/2236] Building C object apps/graphics/lvgl/CMakeFiles/lvgl.dir/lvgl/src/font/lv_font_unscii_16.c.o
[1890/2236] Building C object apps/graphics/lvgl/CMakeFiles/lvgl.dir/lvgl/src/layouts/flex/lv_flex.c.o
[1891/2236] Building C object apps/graphics/lvgl/CMakeFiles/lvgl.dir/lvgl/src/libs/argparse/argparse.c.o
[1892/2236] Building C object apps/graphics/lvgl/CMakeFiles/lvgl.dir/lvgl/src/font/lv_font_unscii_8.c.o
[1893/2236] Building C object apps/graphics/lvgl/CMakeFiles/lvgl.dir/lvgl/src/layouts/grid/lv_grid.c.o
[1894/2236] Building C object apps/graphics/lvgl/CMakeFiles/lvgl.dir/lvgl/src/font/lv_font_simsun_16_cjk.c.o
[1895/2236] Building C object apps/graphics/lvgl/CMakeFiles/lvgl.dir/lvgl/src/libs/freetype/lv_freetype.c.o
[1896/2236] Building C object apps/graphics/lvgl/CMakeFiles/lvgl.dir/lvgl/src/libs/ffmpeg/lv_ffmpeg.c.o
[1897/2236] Building C object apps/graphics/lvgl/CMakeFiles/lvgl.dir/lvgl/src/libs/bin_decoder/lv_bin_decoder.c.o
[1898/2236] Building C object apps/graphics/lvgl/CMakeFiles/lvgl.dir/lvgl/src/libs/barcode/code128.c.o
[1899/2236] Building C object apps/graphics/lvgl/CMakeFiles/lvgl.dir/lvgl/src/libs/fsdrv/lv_fs_cbfs.c.o
[1900/2236] Building C object apps/graphics/lvgl/CMakeFiles/lvgl.dir/lvgl/src/libs/bmp/lv_bmp.c.o
[1901/2236] Building C object apps/graphics/lvgl/CMakeFiles/lvgl.dir/lvgl/src/libs/etc2/lv_etc2.c.o
[1902/2236] Building C object apps/graphics/lvgl/CMakeFiles/lvgl.dir/lvgl/src/libs/barcode/lv_barcode.c.o
[1903/2236] Building C object apps/graphics/lvgl/CMakeFiles/lvgl.dir/lvgl/src/libs/freetype/lv_freetype_glyph.c.o
[1904/2236] Building C object apps/graphics/lvgl/CMakeFiles/lvgl.dir/lvgl/src/libs/freetype/lv_freetype_image.c.o
[1905/2236] Building C object apps/graphics/lvgl/CMakeFiles/lvgl.dir/lvgl/src/libs/freetype/lv_freetype_outline.c.o
[1906/2236] Building C object apps/graphics/lvgl/CMakeFiles/lvgl.dir/lvgl/src/libs/gif/gifdec.c.o
[1907/2236] Building C object apps/graphics/lvgl/CMakeFiles/lvgl.dir/lvgl/src/libs/freetype/lv_ftsystem.c.o
[1908/2236] Building C object apps/graphics/lvgl/CMakeFiles/lvgl.dir/lvgl/src/libs/fsdrv/lv_fs_fatfs.c.o
[1909/2236] Building C object apps/graphics/lvgl/CMakeFiles/lvgl.dir/lvgl/src/libs/fsdrv/lv_fs_memfs.c.o
[1910/2236] Building C object apps/graphics/lvgl/CMakeFiles/lvgl.dir/lvgl/src/libs/fsdrv/lv_fs_posix.c.o
[1911/2236] Building C object apps/graphics/lvgl/CMakeFiles/lvgl.dir/lvgl/src/libs/fsdrv/lv_fs_littlefs.c.o
[1912/2236] Building C object apps/graphics/lvgl/CMakeFiles/lvgl.dir/lvgl/src/libs/fsdrv/lv_fs_stdio.c.o
[1913/2236] Building C object apps/graphics/lvgl/CMakeFiles/lvgl.dir/lvgl/src/libs/fsdrv/lv_fs_win32.c.o
[1914/2236] Building C object apps/graphics/lvgl/CMakeFiles/lvgl.dir/lvgl/src/libs/lz4/lz4.c.o
[1915/2236] Building C object apps/graphics/lvgl/CMakeFiles/lvgl.dir/lvgl/src/libs/gif/lv_gif.c.o
[1916/2236] Building C object apps/graphics/lvgl/CMakeFiles/lvgl.dir/lvgl/src/libs/gpc/gpc.c.o
[1917/2236] Building C object apps/graphics/lvgl/CMakeFiles/lvgl.dir/lvgl/src/libs/gif/lv_gifdec.c.o
[1918/2236] Building C object apps/graphics/lvgl/CMakeFiles/lvgl.dir/lvgl/src/libs/rle/lv_rle.c.o
[1919/2236] Building C object apps/graphics/lvgl/CMakeFiles/lvgl.dir/lvgl/src/libs/svg/lv_svg.c.o
[1920/2236] Building C object apps/graphics/lvgl/CMakeFiles/lvgl.dir/lvgl/src/libs/qrcode/qrcodegen.c.o
[1921/2236] Building C object apps/graphics/lvgl/CMakeFiles/lvgl.dir/lvgl/src/libs/svg/lv_svg_parser.c.o
[1922/2236] Building C object apps/graphics/lvgl/CMakeFiles/lvgl.dir/lvgl/src/libs/libpng/lv_libpng.c.o
[1923/2236] Building C object apps/graphics/lvgl/CMakeFiles/lvgl.dir/lvgl/src/libs/libjpeg_turbo/lv_libjpeg_turbo.c.o
[1924/2236] Building C object apps/graphics/lvgl/CMakeFiles/lvgl.dir/lvgl/src/libs/lodepng/lv_lodepng.c.o
[1925/2236] Building C object apps/graphics/lvgl/CMakeFiles/lvgl.dir/lvgl/src/libs/lodepng/lodepng.c.o
[1926/2236] Building C object apps/graphics/lvgl/CMakeFiles/lvgl.dir/lvgl/src/libs/svg/lv_svg_token.c.o
[1927/2236] Building CXX object apps/graphics/lvgl/CMakeFiles/lvgl.dir/lvgl/src/libs/thorvg/tvgAnimation.cpp.o
[1928/2236] Building C object apps/graphics/lvgl/CMakeFiles/lvgl.dir/lvgl/src/libs/qrcode/lv_qrcode.c.o
[1929/2236] Building CXX object apps/graphics/lvgl/CMakeFiles/lvgl.dir/lvgl/src/libs/thorvg/tvgCanvas.cpp.o
[1930/2236] Building C object apps/graphics/lvgl/CMakeFiles/lvgl.dir/lvgl/src/libs/rlottie/lv_rlottie.c.o
[1931/2236] Building CXX object apps/graphics/lvgl/CMakeFiles/lvgl.dir/lvgl/src/libs/thorvg/tvgBezier.cpp.o
[1932/2236] Building CXX object apps/graphics/lvgl/CMakeFiles/lvgl.dir/lvgl/src/libs/thorvg/tvgCapi.cpp.o
[1933/2236] Building CXX object apps/graphics/lvgl/CMakeFiles/lvgl.dir/lvgl/src/libs/thorvg/tvgFill.cpp.o
[1934/2236] Building CXX object apps/graphics/lvgl/CMakeFiles/lvgl.dir/lvgl/src/libs/thorvg/tvgInitializer.cpp.o
[1935/2236] Building CXX object apps/graphics/lvgl/CMakeFiles/lvgl.dir/lvgl/src/libs/thorvg/tvgLoader.cpp.o
[1936/2236] Building CXX object apps/graphics/lvgl/CMakeFiles/lvgl.dir/lvgl/src/libs/thorvg/tvgCompressor.cpp.o
[1937/2236] Building C object apps/graphics/lvgl/CMakeFiles/lvgl.dir/lvgl/src/libs/svg/lv_svg_decoder.c.o
[1938/2236] Building CXX object apps/graphics/lvgl/CMakeFiles/lvgl.dir/lvgl/src/libs/thorvg/tvgMath.cpp.o
[1939/2236] Building CXX object apps/graphics/lvgl/CMakeFiles/lvgl.dir/lvgl/src/libs/thorvg/tvgPaint.cpp.o
[1940/2236] Building CXX object apps/graphics/lvgl/CMakeFiles/lvgl.dir/lvgl/src/libs/thorvg/tvgPicture.cpp.o
[1941/2236] Building CXX object apps/graphics/lvgl/CMakeFiles/lvgl.dir/lvgl/src/libs/thorvg/tvgRawLoader.cpp.o
[1942/2236] Building CXX object apps/graphics/lvgl/CMakeFiles/lvgl.dir/lvgl/src/libs/thorvg/tvgSaver.cpp.o
[1943/2236] Building CXX object apps/graphics/lvgl/CMakeFiles/lvgl.dir/lvgl/src/libs/thorvg/tvgRender.cpp.o
[1944/2236] Building C object apps/graphics/lvgl/CMakeFiles/lvgl.dir/lvgl/src/libs/svg/lv_svg_render.c.o
[1945/2236] Building CXX object apps/graphics/lvgl/CMakeFiles/lvgl.dir/lvgl/src/libs/thorvg/tvgScene.cpp.o
[1946/2236] Building CXX object apps/graphics/lvgl/CMakeFiles/lvgl.dir/lvgl/src/libs/thorvg/tvgShape.cpp.o
[1947/2236] Building CXX object apps/graphics/lvgl/CMakeFiles/lvgl.dir/lvgl/src/libs/thorvg/tvgStr.cpp.o
[1948/2236] Building C object apps/graphics/lvgl/CMakeFiles/lvgl.dir/lvgl/src/libs/svg_optimize/lv_svg_render_optimize.c.o
[1949/2236] Building CXX object apps/graphics/lvgl/CMakeFiles/lvgl.dir/lvgl/src/libs/thorvg/tvgSvgCssStyle.cpp.o
[1950/2236] Building CXX object apps/graphics/lvgl/CMakeFiles/lvgl.dir/lvgl/src/libs/thorvg/tvgSvgPath.cpp.o
[1951/2236] Building CXX object apps/graphics/lvgl/CMakeFiles/lvgl.dir/lvgl/src/libs/thorvg/tvgSvgSceneBuilder.cpp.o
[1952/2236] Building CXX object apps/graphics/lvgl/CMakeFiles/lvgl.dir/lvgl/src/libs/thorvg/tvgSvgUtil.cpp.o
[1953/2236] Building CXX object apps/graphics/lvgl/CMakeFiles/lvgl.dir/lvgl/src/libs/thorvg/tvgSvgLoader.cpp.o
[1954/2236] Building CXX object apps/graphics/lvgl/CMakeFiles/lvgl.dir/lvgl/src/libs/thorvg/tvgSwCanvas.cpp.o
[1955/2236] Building CXX object apps/graphics/lvgl/CMakeFiles/lvgl.dir/lvgl/src/libs/thorvg/tvgSwFill.cpp.o
[1956/2236] Building CXX object apps/graphics/lvgl/CMakeFiles/lvgl.dir/lvgl/src/libs/thorvg/tvgSwMath.cpp.o
[1957/2236] Building CXX object apps/graphics/lvgl/CMakeFiles/lvgl.dir/lvgl/src/libs/thorvg/tvgSwImage.cpp.o
[1958/2236] Building CXX object apps/graphics/lvgl/CMakeFiles/lvgl.dir/lvgl/src/libs/thorvg/tvgSwMemPool.cpp.o
[1959/2236] Building CXX object apps/graphics/lvgl/CMakeFiles/lvgl.dir/lvgl/src/libs/thorvg/tvgSwRaster.cpp.o
[1960/2236] Building CXX object apps/graphics/lvgl/CMakeFiles/lvgl.dir/lvgl/src/libs/thorvg/tvgSwRle.cpp.o
[1961/2236] Building CXX object apps/graphics/lvgl/CMakeFiles/lvgl.dir/lvgl/src/libs/thorvg/tvgSwRenderer.cpp.o
[1962/2236] Building CXX object apps/graphics/lvgl/CMakeFiles/lvgl.dir/lvgl/src/libs/thorvg/tvgSwShape.cpp.o
[1963/2236] Building CXX object apps/graphics/lvgl/CMakeFiles/lvgl.dir/lvgl/src/libs/thorvg/tvgSwStroke.cpp.o
[1964/2236] Building CXX object apps/graphics/lvgl/CMakeFiles/lvgl.dir/lvgl/src/libs/thorvg/tvgTaskScheduler.cpp.o
[1965/2236] Building CXX object apps/graphics/lvgl/CMakeFiles/lvgl.dir/lvgl/src/libs/thorvg/tvgXmlParser.cpp.o
[1966/2236] Building C object apps/graphics/lvgl/CMakeFiles/lvgl.dir/lvgl/src/libs/tjpgd/tjpgd.c.o
[1967/2236] Building C object apps/graphics/lvgl/CMakeFiles/lvgl.dir/lvgl/src/misc/cache/clazz/lv_cache_lru_rb.c.o
[1968/2236] Building C object apps/graphics/lvgl/CMakeFiles/lvgl.dir/lvgl/src/misc/cache/instance/lv_image_header_cache.c.o
[1969/2236] Building C object apps/graphics/lvgl/CMakeFiles/lvgl.dir/lvgl/src/misc/cache/instance/lv_image_cache.c.o
[1970/2236] Building C object apps/graphics/lvgl/CMakeFiles/lvgl.dir/lvgl/src/misc/cache/lv_cache_entry.c.o
[1971/2236] Building C object apps/graphics/lvgl/CMakeFiles/lvgl.dir/lvgl/src/lv_init.c.o
[1972/2236] Building C object apps/graphics/lvgl/CMakeFiles/lvgl.dir/lvgl/src/misc/cache/lv_cache.c.o
[1973/2236] Building C object apps/graphics/lvgl/CMakeFiles/lvgl.dir/lvgl/src/misc/lv_anim_timeline.c.o
[1974/2236] Building C object apps/graphics/lvgl/CMakeFiles/lvgl.dir/lvgl/src/misc/lv_assert.c.o
[1975/2236] Building C object apps/graphics/lvgl/CMakeFiles/lvgl.dir/lvgl/src/misc/lv_array.c.o
[1976/2236] Building C object apps/graphics/lvgl/CMakeFiles/lvgl.dir/lvgl/src/misc/lv_async.c.o
[1977/2236] Building C object apps/graphics/lvgl/CMakeFiles/lvgl.dir/lvgl/src/libs/tjpgd/lv_tjpgd.c.o
[1978/2236] Building C object apps/graphics/lvgl/CMakeFiles/lvgl.dir/lvgl/src/libs/tiny_ttf/lv_tiny_ttf.c.o
[1979/2236] Building C object apps/graphics/lvgl/CMakeFiles/lvgl.dir/lvgl/src/libs/webp/lv_libwebp.c.o
[1980/2236] Building C object apps/graphics/lvgl/CMakeFiles/lvgl.dir/lvgl/src/misc/lv_bidi.c.o
[1981/2236] Building C object apps/graphics/lvgl/CMakeFiles/lvgl.dir/lvgl/src/misc/lv_anim.c.o
[1982/2236] Building C object apps/graphics/lvgl/CMakeFiles/lvgl.dir/lvgl/src/misc/lv_circle_buf.c.o
[1983/2236] Building C object apps/graphics/lvgl/CMakeFiles/lvgl.dir/lvgl/src/misc/lv_color.c.o
[1984/2236] Building C object apps/graphics/lvgl/CMakeFiles/lvgl.dir/lvgl/src/misc/lv_area.c.o
[1985/2236] Building C object apps/graphics/lvgl/CMakeFiles/lvgl.dir/lvgl/src/misc/lv_color_op.c.o
[1986/2236] Building C object apps/graphics/lvgl/CMakeFiles/lvgl.dir/lvgl/src/misc/lv_color_v8.c.o
[1987/2236] Building C object apps/graphics/lvgl/CMakeFiles/lvgl.dir/lvgl/src/misc/lv_event.c.o
[1988/2236] Building C object apps/graphics/lvgl/CMakeFiles/lvgl.dir/lvgl/src/misc/lv_ll.c.o
[1989/2236] Building C object apps/graphics/lvgl/CMakeFiles/lvgl.dir/lvgl/src/misc/lv_iter.c.o
[1990/2236] Building C object apps/graphics/lvgl/CMakeFiles/lvgl.dir/lvgl/src/misc/lv_log.c.o
[1991/2236] Building C object apps/graphics/lvgl/CMakeFiles/lvgl.dir/lvgl/src/misc/lv_linear_allocator.c.o
[1992/2236] Building C object apps/graphics/lvgl/CMakeFiles/lvgl.dir/lvgl/src/misc/lv_math.c.o
[1993/2236] Building C object apps/graphics/lvgl/CMakeFiles/lvgl.dir/lvgl/src/misc/lv_fs.c.o
[1994/2236] Building C object apps/graphics/lvgl/CMakeFiles/lvgl.dir/lvgl/src/misc/lv_templ.c.o
[1995/2236] Building C object apps/graphics/lvgl/CMakeFiles/lvgl.dir/lvgl/src/misc/lv_lru.c.o
[1996/2236] Building C object apps/graphics/lvgl/CMakeFiles/lvgl.dir/lvgl/src/misc/lv_matrix.c.o
[1997/2236] Building C object apps/graphics/lvgl/CMakeFiles/lvgl.dir/lvgl/src/misc/lv_palette.c.o
[1998/2236] Building C object apps/graphics/lvgl/CMakeFiles/lvgl.dir/lvgl/src/misc/lv_rb.c.o
[1999/2236] Building C object apps/graphics/lvgl/CMakeFiles/lvgl.dir/lvgl/src/misc/lv_text_line_process.c.o
[2000/2236] Building C object apps/graphics/lvgl/CMakeFiles/lvgl.dir/lvgl/src/misc/lv_text_ap.c.o
[2001/2236] Building C object apps/graphics/lvgl/CMakeFiles/lvgl.dir/lvgl/src/misc/lv_text.c.o
[2002/2236] Building C object apps/graphics/lvgl/CMakeFiles/lvgl.dir/lvgl/src/misc/lv_text_word_process.c.o
[2003/2236] Building C object apps/graphics/lvgl/CMakeFiles/lvgl.dir/lvgl/src/misc/lv_style.c.o
[2004/2236] Building C object apps/graphics/lvgl/CMakeFiles/lvgl.dir/lvgl/src/misc/lv_style_gen.c.o
[2005/2236] Building C object apps/graphics/lvgl/CMakeFiles/lvgl.dir/lvgl/src/misc/lv_tree.c.o
[2006/2236] Building C object apps/graphics/lvgl/CMakeFiles/lvgl.dir/lvgl/src/misc/lv_utils.c.o
[2007/2236] Building C object apps/graphics/lvgl/CMakeFiles/lvgl.dir/lvgl/src/osal/lv_cmsis_rtos2.c.o
[2008/2236] Building C object apps/graphics/lvgl/CMakeFiles/lvgl.dir/lvgl/src/osal/lv_pthread.c.o
[2009/2236] Building C object apps/graphics/lvgl/CMakeFiles/lvgl.dir/lvgl/src/osal/lv_rtthread.c.o
[2010/2236] Building C object apps/graphics/lvgl/CMakeFiles/lvgl.dir/lvgl/src/osal/lv_windows.c.o
[2011/2236] Building C object apps/graphics/lvgl/CMakeFiles/lvgl.dir/lvgl/src/misc/lv_timer.c.o
[2012/2236] Building C object apps/graphics/lvgl/CMakeFiles/lvgl.dir/lvgl/src/osal/lv_freertos.c.o
[2013/2236] Building C object apps/graphics/lvgl/CMakeFiles/lvgl.dir/lvgl/src/others/monkey/lv_monkey.c.o
[2014/2236] Building C object apps/graphics/lvgl/CMakeFiles/lvgl.dir/lvgl/src/misc/lv_profiler_builtin.c.o
[2015/2236] Building C object apps/graphics/lvgl/CMakeFiles/lvgl.dir/lvgl/src/others/file_explorer/lv_file_explorer.c.o
[2016/2236] Building C object apps/graphics/lvgl/CMakeFiles/lvgl.dir/lvgl/src/others/fragment/lv_fragment.c.o
[2017/2236] Building C object apps/graphics/lvgl/CMakeFiles/lvgl.dir/lvgl/src/others/fragment/lv_fragment_manager.c.o
[2018/2236] Building C object apps/graphics/lvgl/CMakeFiles/lvgl.dir/lvgl/src/others/gridnav/lv_gridnav.c.o
[2019/2236] Building C object apps/graphics/lvgl/CMakeFiles/lvgl.dir/lvgl/src/others/ime/lv_ime_pinyin.c.o
[2020/2236] Building C object apps/graphics/lvgl/CMakeFiles/lvgl.dir/lvgl/src/others/remote_ctrl/lv_remote_anim.c.o
[2021/2236] Building C object apps/graphics/lvgl/CMakeFiles/lvgl.dir/lvgl/src/others/remote_ctrl/lv_remote_ctrl.c.o
[2022/2236] Building C object apps/graphics/lvgl/CMakeFiles/lvgl.dir/lvgl/src/others/remote_ctrl/lv_remote_disp.c.o
[2023/2236] Building C object apps/graphics/lvgl/CMakeFiles/lvgl.dir/lvgl/src/others/remote_ctrl/lv_remote_draw.c.o
[2024/2236] Building C object apps/graphics/lvgl/CMakeFiles/lvgl.dir/lvgl/src/others/remote_ctrl/lv_remote_hello.c.o
[2025/2236] Building C object apps/graphics/lvgl/CMakeFiles/lvgl.dir/lvgl/src/others/remote_ctrl/lv_remote_indev.c.o
[2026/2236] Building C object apps/graphics/lvgl/CMakeFiles/lvgl.dir/lvgl/src/others/remote_ctrl/lv_remote_obj.c.o
[2027/2236] Building C object apps/graphics/lvgl/CMakeFiles/lvgl.dir/lvgl/src/others/remote_ctrl/lv_remote_perf.c.o
[2028/2236] Building C object apps/graphics/lvgl/CMakeFiles/lvgl.dir/lvgl/src/others/remote_ctrl/lv_remote_profiler.c.o
[2029/2236] Building C object apps/graphics/lvgl/CMakeFiles/lvgl.dir/lvgl/src/others/remote_ctrl/lv_remote_refr.c.o
[2030/2236] Building C object apps/graphics/lvgl/CMakeFiles/lvgl.dir/lvgl/src/others/remote_ctrl/lv_remote_snapshot.c.o
[2031/2236] Building C object apps/graphics/lvgl/CMakeFiles/lvgl.dir/lvgl/src/others/remote_ctrl/lv_remote_timer.c.o
[2032/2236] Building C object apps/graphics/lvgl/CMakeFiles/lvgl.dir/lvgl/src/others/vg_lite_tvg/vg_lite_matrix.c.o
[2033/2236] Building CXX object apps/graphics/lvgl/CMakeFiles/lvgl.dir/lvgl/src/others/vg_lite_tvg/vg_lite_tvg.cpp.o
[2034/2236] Building C object apps/graphics/lvgl/CMakeFiles/lvgl.dir/lvgl/src/stdlib/builtin/lv_mem_core_builtin.c.o
[2035/2236] Building C object apps/graphics/lvgl/CMakeFiles/lvgl.dir/lvgl/src/stdlib/builtin/lv_sprintf_builtin.c.o
[2036/2236] Building C object apps/graphics/lvgl/CMakeFiles/lvgl.dir/lvgl/src/others/sysmon/lv_sysmon.c.o
[2037/2236] Building C object apps/graphics/lvgl/CMakeFiles/lvgl.dir/lvgl/src/stdlib/builtin/lv_tlsf.c.o
[2038/2236] Building C object apps/graphics/lvgl/CMakeFiles/lvgl.dir/lvgl/src/others/snapshot/lv_snapshot.c.o
[2039/2236] Building C object apps/graphics/lvgl/CMakeFiles/lvgl.dir/lvgl/src/others/sysmon/lv_sysmon_perf.c.o
[2040/2236] Building C object apps/graphics/lvgl/CMakeFiles/lvgl.dir/lvgl/src/others/imgfont/lv_imgfont.c.o
[2041/2236] Building C object apps/graphics/lvgl/CMakeFiles/lvgl.dir/lvgl/src/stdlib/builtin/lv_string_builtin.c.o
[2042/2236] Building C object apps/graphics/lvgl/CMakeFiles/lvgl.dir/lvgl/src/stdlib/clib/lv_mem_core_clib.c.o
[2043/2236] Building C object apps/graphics/lvgl/CMakeFiles/lvgl.dir/lvgl/src/stdlib/micropython/lv_mem_core_micropython.c.o
[2044/2236] Building C object apps/graphics/lvgl/CMakeFiles/lvgl.dir/lvgl/src/stdlib/rtthread/lv_mem_core_rtthread.c.o
[2045/2236] Building C object apps/graphics/lvgl/CMakeFiles/lvgl.dir/lvgl/src/stdlib/clib/lv_string_clib.c.o
[2046/2236] Building C object apps/graphics/lvgl/CMakeFiles/lvgl.dir/lvgl/src/stdlib/rtthread/lv_string_rtthread.c.o
[2047/2236] Building C object apps/graphics/lvgl/CMakeFiles/lvgl.dir/lvgl/src/stdlib/clib/lv_sprintf_clib.c.o
[2048/2236] Building C object apps/graphics/lvgl/CMakeFiles/lvgl.dir/lvgl/src/stdlib/rtthread/lv_sprintf_rtthread.c.o
[2049/2236] Building C object apps/graphics/lvgl/CMakeFiles/lvgl.dir/lvgl/src/stdlib/lv_mem.c.o
[2050/2236] Building C object apps/graphics/lvgl/CMakeFiles/lvgl.dir/lvgl/src/others/observer/lv_observer.c.o
[2051/2236] Building C object apps/graphics/lvgl/CMakeFiles/lvgl.dir/lvgl/src/tick/lv_tick.c.o
[2052/2236] Building C object apps/graphics/lvgl/CMakeFiles/lvgl.dir/lvgl/src/widgets/animimage/lv_animimage.c.o
[2053/2236] Building C object apps/graphics/lvgl/CMakeFiles/lvgl.dir/lvgl/src/widgets/arc/lv_arc.c.o
[2054/2236] Building C object apps/graphics/lvgl/CMakeFiles/lvgl.dir/lvgl/src/widgets/button/lv_button.c.o
[2055/2236] Building C object apps/graphics/lvgl/CMakeFiles/lvgl.dir/lvgl/src/themes/mono/lv_theme_mono.c.o
[2056/2236] Building C object apps/graphics/lvgl/CMakeFiles/lvgl.dir/lvgl/src/themes/lv_theme.c.o
[2057/2236] Building C object apps/graphics/lvgl/CMakeFiles/lvgl.dir/lvgl/src/themes/simple/lv_theme_simple.c.o
[2058/2236] Building C object apps/graphics/lvgl/CMakeFiles/lvgl.dir/lvgl/src/widgets/arclabel/lv_arclabel.c.o
[2059/2236] Building C object apps/graphics/lvgl/CMakeFiles/lvgl.dir/lvgl/src/widgets/bar/lv_bar.c.o
[2060/2236] Building C object apps/graphics/lvgl/CMakeFiles/lvgl.dir/lvgl/src/themes/default/lv_theme_default.c.o
[2061/2236] Building C object apps/graphics/lvgl/CMakeFiles/lvgl.dir/lvgl/src/widgets/calendar/lv_calendar_header_arrow.c.o
[2062/2236] Building C object apps/graphics/lvgl/CMakeFiles/lvgl.dir/lvgl/src/widgets/buttonmatrix/lv_buttonmatrix.c.o
[2063/2236] Building C object apps/graphics/lvgl/CMakeFiles/lvgl.dir/lvgl/src/widgets/calendar/lv_calendar_header_dropdown.c.o
[2064/2236] Building C object apps/graphics/lvgl/CMakeFiles/lvgl.dir/lvgl/src/widgets/canvas/lv_canvas.c.o
[2065/2236] Building C object apps/graphics/lvgl/CMakeFiles/lvgl.dir/lvgl/src/widgets/checkbox/lv_checkbox.c.o
[2066/2236] Building C object apps/graphics/lvgl/CMakeFiles/lvgl.dir/lvgl/src/widgets/chart/lv_chart.c.o
[2067/2236] Building C object apps/graphics/lvgl/CMakeFiles/lvgl.dir/lvgl/src/widgets/imagebutton/lv_imagebutton.c.o
[2068/2236] Building C object apps/graphics/lvgl/CMakeFiles/lvgl.dir/lvgl/src/widgets/keyboard/lv_keyboard.c.o
[2069/2236] Building C object apps/graphics/lvgl/CMakeFiles/lvgl.dir/lvgl/src/widgets/image/lv_image.c.o
[2070/2236] Building C object apps/graphics/lvgl/CMakeFiles/lvgl.dir/lvgl/src/widgets/dropdown/lv_dropdown.c.o
[2071/2236] Building C object apps/graphics/lvgl/CMakeFiles/lvgl.dir/lvgl/src/widgets/led/lv_led.c.o
[2072/2236] Building C object apps/graphics/lvgl/CMakeFiles/lvgl.dir/lvgl/src/widgets/objx_templ/lv_objx_templ.c.o
[2073/2236] Building C object apps/graphics/lvgl/CMakeFiles/lvgl.dir/lvgl/src/widgets/calendar/lv_calendar.c.o
[2074/2236] Building C object apps/graphics/lvgl/CMakeFiles/lvgl.dir/lvgl/src/widgets/lottie/lv_lottie.c.o
[2075/2236] Building C object apps/graphics/lvgl/CMakeFiles/lvgl.dir/lvgl/src/widgets/label/lv_label.c.o
[2076/2236] Building C object apps/graphics/lvgl/CMakeFiles/lvgl.dir/lvgl/src/widgets/line/lv_line.c.o
[2077/2236] Building C object apps/graphics/lvgl/CMakeFiles/lvgl.dir/lvgl/src/widgets/list/lv_list.c.o
[2078/2236] Building C object apps/graphics/lvgl/CMakeFiles/lvgl.dir/lvgl/src/widgets/menu/lv_menu.c.o
[2079/2236] Building C object apps/graphics/lvgl/CMakeFiles/lvgl.dir/lvgl/src/widgets/msgbox/lv_msgbox.c.o
[2080/2236] Building C object apps/graphics/lvgl/CMakeFiles/lvgl.dir/lvgl/src/widgets/roller/lv_roller.c.o
[2081/2236] Building C object apps/graphics/lvgl/CMakeFiles/lvgl.dir/lvgl/src/widgets/scale/lv_scale.c.o
[2082/2236] Building C object apps/graphics/lvgl/CMakeFiles/lvgl.dir/lvgl/src/widgets/slider/lv_slider.c.o
[2083/2236] Building C object apps/graphics/lvgl/CMakeFiles/lvgl.dir/lvgl/src/widgets/switch/lv_switch.c.o
[2084/2236] Building C object apps/graphics/lvgl/CMakeFiles/lvgl.dir/lvgl/src/widgets/spinbox/lv_spinbox.c.o
[2085/2236] Building C object apps/graphics/lvgl/CMakeFiles/lvgl.dir/lvgl/src/widgets/span/lv_span.c.o
[2086/2236] Building C object apps/graphics/lvgl/CMakeFiles/lvgl.dir/lvgl/src/widgets/table/lv_table.c.o
[2087/2236] Building C object apps/system/dumpstack/CMakeFiles/apps_dumpstack.dir/dumpstack.c.o
[2088/2236] Building C object apps/graphics/lvgl/CMakeFiles/lvgl.dir/lvgl/src/widgets/tileview/lv_tileview.c.o
[2089/2236] Linking C static library apps/system/dumpstack/libapps_dumpstack.a
[2090/2236] Building C object apps/system/i2c/CMakeFiles/apps_i2c.dir/i2c_bus.c.o
[2091/2236] Building C object apps/graphics/lvgl/CMakeFiles/lvgl.dir/lvgl/src/widgets/spinner/lv_spinner.c.o
[2092/2236] Building C object apps/system/i2c/CMakeFiles/apps_i2c.dir/i2c_main.c.o
[2093/2236] Building C object apps/system/i2c/CMakeFiles/apps_i2c.dir/i2c_common.c.o
[2094/2236] Building C object apps/graphics/lvgl/CMakeFiles/lvgl.dir/lvgl/src/widgets/textarea/lv_textarea.c.o
[2095/2236] Building C object apps/system/i2c/CMakeFiles/apps_i2c.dir/i2c_dev.c.o
[2096/2236] Building C object apps/graphics/lvgl/CMakeFiles/lvgl.dir/lvgl/src/widgets/tabview/lv_tabview.c.o
[2097/2236] Building C object apps/system/i2c/CMakeFiles/apps_i2c.dir/i2c_get.c.o
[2098/2236] Building C object apps/system/i2c/CMakeFiles/apps_i2c.dir/i2c_devif.c.o
[2099/2236] Building C object apps/system/i2c/CMakeFiles/apps_i2c.dir/i2c_set.c.o
[2100/2236] Building C object apps/system/i2c/CMakeFiles/apps_i2c.dir/i2c_verf.c.o
[2101/2236] Building C object apps/system/i2c/CMakeFiles/apps_i2c.dir/i2c_dump.c.o
[2102/2236] Building C object apps/system/i2c/CMakeFiles/apps_i2c.dir/i2c_hexdump.c.o
[2103/2236] Building C object apps/system/nsh/CMakeFiles/apps_sh.dir/sh_main.c.o
[2104/2236] Building C object apps/system/nsh/CMakeFiles/apps_nsh.dir/nsh_main.c.o
[2105/2236] Linking C static library apps/system/nsh/libapps_sh.a
[2106/2236] Linking C static library apps/system/i2c/libapps_i2c.a
[2107/2236] Building C object apps/graphics/lvgl/CMakeFiles/lvgl.dir/lvgl/src/widgets/win/lv_win.c.o
[2108/2236] Linking C static library apps/system/nsh/libapps_nsh.a
[2109/2236] Building C object apps/system/nxrecorder/CMakeFiles/apps_nxrecorder.dir/nxrecorder_main.c.o
[2110/2236] Building C object apps/testing/ostest/CMakeFiles/apps_ostest.dir/libc_memmem.c.o
[2111/2236] Building C object apps/testing/ostest/CMakeFiles/apps_ostest.dir/ostest_main.c.o
[2112/2236] Linking C static library apps/system/nxrecorder/libapps_nxrecorder.a
[2113/2236] Building C object apps/testing/ostest/CMakeFiles/apps_ostest.dir/getopt.c.o
[2114/2236] Building C object apps/testing/mm/heaptest/CMakeFiles/apps_mm.dir/mm_main.c.o
[2115/2236] Building C object apps/testing/ostest/CMakeFiles/apps_ostest.dir/sigprocmask.c.o
[2116/2236] Building C object apps/testing/ostest/CMakeFiles/apps_ostest.dir/restart.c.o
[2117/2236] Linking C static library apps/testing/mm/heaptest/libapps_mm.a
[2118/2236] Building C object apps/testing/ostest/CMakeFiles/apps_ostest.dir/sighelper.c.o
[2119/2236] Building C object apps/testing/ostest/CMakeFiles/apps_ostest.dir/sighand.c.o
[2120/2236] Building C object apps/testing/ostest/CMakeFiles/apps_ostest.dir/setvbuf.c.o
[2121/2236] Building C object apps/testing/ostest/CMakeFiles/apps_ostest.dir/signest.c.o
[2122/2236] Building C object apps/testing/ostest/CMakeFiles/apps_ostest.dir/dev_null.c.o
[2123/2236] Building C object apps/testing/ostest/CMakeFiles/apps_ostest.dir/fpu.c.o
[2124/2236] Building C object apps/testing/ostest/CMakeFiles/apps_ostest.dir/spinlock.c.o
[2125/2236] Building C object apps/testing/ostest/CMakeFiles/apps_ostest.dir/tls.c.o
[2126/2236] Building C object apps/testing/ostest/CMakeFiles/apps_ostest.dir/waitpid.c.o
[2127/2236] Building C object apps/testing/ostest/CMakeFiles/apps_ostest.dir/cond.c.o
[2128/2236] Building C object apps/testing/ostest/CMakeFiles/apps_ostest.dir/mutex.c.o
[2129/2236] Building C object apps/testing/ostest/CMakeFiles/apps_ostest.dir/sem.c.o
[2130/2236] Building C object apps/testing/ostest/CMakeFiles/apps_ostest.dir/cancel.c.o
[2131/2236] Building C object apps/testing/ostest/CMakeFiles/apps_ostest.dir/semtimed.c.o
[2132/2236] Building C object apps/testing/ostest/CMakeFiles/apps_ostest.dir/timedmutex.c.o
[2133/2236] Building C object apps/testing/ostest/CMakeFiles/apps_ostest.dir/pthread_exit.c.o
[2134/2236] Building C object apps/testing/ostest/CMakeFiles/apps_ostest.dir/timedwait.c.o
[2135/2236] Building C object apps/testing/ostest/CMakeFiles/apps_ostest.dir/pthread_rwlock_cancel.c.o
[2136/2236] Building C object apps/testing/ostest/CMakeFiles/apps_ostest.dir/schedlock.c.o
[2137/2236] Building C object apps/testing/ostest/CMakeFiles/apps_ostest.dir/pthread_rwlock.c.o
[2138/2236] Building C object apps/testing/ostest/CMakeFiles/apps_ostest.dir/barrier.c.o
[2139/2236] Building C object apps/testing/ostest/CMakeFiles/apps_ostest.dir/specific.c.o
[2140/2236] Building C object apps/testing/ostest/CMakeFiles/apps_ostest.dir/rmutex.c.o
[2141/2236] Building C object apps/testing/ostest/CMakeFiles/apps_ostest.dir/pthread_cleanup.c.o
[2142/2236] Building C object apps/testing/ostest/CMakeFiles/apps_ostest.dir/robust.c.o
[2143/2236] Building C object apps/testing/ostest/CMakeFiles/apps_ostest.dir/roundrobin.c.o
[2144/2236] Building C object apps/testing/ostest/CMakeFiles/apps_ostest.dir/nsem.c.o
[2145/2236] Building C object apps/testing/ostest/CMakeFiles/apps_ostest.dir/wqueue.c.o
[2146/2236] Building C object apps/testing/ostest/CMakeFiles/apps_ostest.dir/setjmp.c.o
[2147/2236] Building C object apps/testing/ostest/CMakeFiles/apps_ostest.dir/sigev_thread.c.o
[2148/2236] Building C object apps/testing/ostest/CMakeFiles/apps_ostest.dir/mqueue.c.o
[2149/2236] Building C object apps/testing/ostest/CMakeFiles/apps_ostest.dir/vfork.c.o
[2150/2236] Building C object apps/testing/ostest/CMakeFiles/apps_ostest.dir/posixtimer.c.o
[2151/2236] Building C object apps/testing/ostest/CMakeFiles/apps_ostest.dir/timedmqueue.c.o
[2152/2236] Building C object apps/testing/ostest/CMakeFiles/apps_ostest.dir/nxevent.c.o
[2153/2236] Building C object apps/examples/gpio/CMakeFiles/apps_gpio.dir/gpio_main.c.o
[2154/2236] Linking C static library apps/examples/gpio/libapps_gpio.a
[2155/2236] Building C object apps/examples/hello/CMakeFiles/apps_hello.dir/hello_main.c.o
[2156/2236] Building C object apps/examples/buttons/CMakeFiles/apps_buttons.dir/buttons_main.c.o
[2157/2236] Building C object apps/examples/adc/CMakeFiles/apps_adc.dir/adc_main.c.o
[2158/2236] Building C object apps/testing/ostest/CMakeFiles/apps_ostest.dir/wdog.c.o
[2159/2236] Building C object apps/examples/fb/CMakeFiles/apps_fb.dir/fb_main.c.o
[2160/2236] Linking C static library apps/examples/hello/libapps_hello.a
[2161/2236] Linking C static library apps/examples/buttons/libapps_buttons.a
[2162/2236] Linking C static library apps/examples/fb/libapps_fb.a
[2163/2236] Linking C static library apps/examples/adc/libapps_adc.a
[2164/2236] Building C object apps/external/android/CMakeFiles/android.dir/dummy.c.o
[2165/2236] Linking C static library apps/external/android/libandroid.a
[2166/2236] Building C object apps/examples/lsm6dsl_reader/CMakeFiles/apps_lsm6dsl_reader.dir/lsm6dsl_reader_main.c.o
[2167/2236] Linking C static library apps/examples/lsm6dsl_reader/libapps_lsm6dsl_reader.a
[2168/2236] Linking C static library apps/testing/ostest/libapps_ostest.a
[2169/2236] Building C object apps/examples/timer/CMakeFiles/apps_timer.dir/timer_main.c.o
[2170/2236] Building C object apps/examples/watchdog/CMakeFiles/apps_wdog.dir/watchdog_main.c.o
[2171/2236] Building C object apps/examples/pwm/CMakeFiles/apps_pwm.dir/pwm_main.c.o
[2172/2236] Linking C static library apps/examples/timer/libapps_timer.a
[2173/2236] Linking C static library apps/examples/pwm/libapps_pwm.a
[2174/2236] Linking C static library apps/examples/watchdog/libapps_wdog.a
[2175/2236] Building C object apps/external/zblue/CMakeFiles/zblue.dir/zblue/subsys/bluetooth/common/addr.c.o
[2176/2236] Linking CXX static library apps/graphics/lvgl/liblvgl.a
[2177/2236] Building C object apps/external/zblue/CMakeFiles/zblue.dir/zblue/subsys/bluetooth/common/dummy.c.o
[2178/2236] Building C object apps/examples/lvgldemo/CMakeFiles/apps_lvgldemo.dir/lvgldemo.c.o
[2179/2236] Building C object apps/external/zblue/CMakeFiles/zblue.dir/zblue/subsys/bluetooth/host/uuid.c.o
[2180/2236] Linking C static library apps/examples/lvgldemo/libapps_lvgldemo.a
[2181/2236] Building C object apps/external/zblue/CMakeFiles/zblue.dir/zblue/subsys/bluetooth/host/long_wq.c.o
[2182/2236] Building C object apps/external/zblue/CMakeFiles/zblue.dir/zblue/subsys/bluetooth/common/rpa.c.o
[2183/2236] Building C object apps/external/zblue/CMakeFiles/zblue.dir/zblue/subsys/bluetooth/common/bt_str.c.o
[2184/2236] Building C object apps/external/zblue/CMakeFiles/zblue.dir/zblue/subsys/bluetooth/host/addr.c.o
[2185/2236] Building C object apps/external/zblue/CMakeFiles/zblue.dir/zblue/subsys/bluetooth/host/data.c.o
[2186/2236] Building C object apps/external/zblue/CMakeFiles/zblue.dir/zblue/subsys/bluetooth/host/hci_common.c.o
[2187/2236] Building C object apps/external/zblue/CMakeFiles/zblue.dir/zblue/subsys/bluetooth/host/buf.c.o
[2188/2236] Building C object apps/external/zblue/CMakeFiles/zblue.dir/zblue/subsys/bluetooth/host/scan.c.o
[2189/2236] Building C object apps/external/zblue/CMakeFiles/zblue.dir/zblue/subsys/bluetooth/host/adv.c.o
[2190/2236] Building C object apps/external/zblue/CMakeFiles/zblue.dir/zblue/subsys/bluetooth/host/id.c.o
[2191/2236] Building C object apps/external/zblue/CMakeFiles/zblue.dir/zblue/subsys/bluetooth/host/crypto_psa.c.o
[2192/2236] Building C object apps/external/zblue/CMakeFiles/zblue.dir/zblue/subsys/bluetooth/host/hci_core.c.o
[2193/2236] Building C object apps/external/zblue/CMakeFiles/zblue.dir/zblue/subsys/bluetooth/host/ecc.c.o
[2194/2236] Building C object apps/external/zblue/CMakeFiles/zblue.dir/zblue/subsys/bluetooth/host/l2cap.c.o
[2195/2236] Building C object apps/external/zblue/CMakeFiles/zblue.dir/zblue/subsys/bluetooth/host/conn.c.o
[2196/2236] Building C object apps/external/zblue/CMakeFiles/zblue.dir/zblue/subsys/bluetooth/host/keys.c.o
[2197/2236] Building C object apps/external/zblue/CMakeFiles/zblue.dir/zblue/subsys/bluetooth/host/att.c.o
[2198/2236] Building C object apps/external/zblue/CMakeFiles/zblue.dir/zblue/subsys/bluetooth/host/classic/br.c.o
[2199/2236] Building C object apps/external/zblue/CMakeFiles/zblue.dir/zblue/subsys/bluetooth/host/gatt.c.o
[2200/2236] Building C object apps/external/zblue/CMakeFiles/zblue.dir/zblue/subsys/bluetooth/host/classic/keys_br.c.o
[2201/2236] Building C object apps/external/zblue/CMakeFiles/zblue.dir/zblue/subsys/bluetooth/host/smp.c.o
[2202/2236] Building C object apps/external/zblue/CMakeFiles/zblue.dir/zblue/subsys/bluetooth/host/classic/l2cap_br.c.o
[2203/2236] Building C object apps/external/zblue/CMakeFiles/zblue.dir/zblue/subsys/bluetooth/host/classic/ssp.c.o
[2204/2236] Building C object apps/external/zblue/CMakeFiles/zblue.dir/zblue/subsys/bluetooth/crypto/bt_crypto.c.o
[2205/2236] Building C object apps/external/zblue/CMakeFiles/zblue.dir/zblue/subsys/bluetooth/host/classic/sco.c.o
[2206/2236] Building C object apps/external/zblue/CMakeFiles/zblue.dir/zblue/subsys/bluetooth/host/classic/sdp.c.o
[2207/2236] Building C object apps/external/zblue/CMakeFiles/zblue.dir/zblue/lib/utils/dec.c.o
[2208/2236] Building C object apps/external/zblue/CMakeFiles/zblue.dir/zblue/subsys/bluetooth/crypto/bt_crypto_psa.c.o
[2209/2236] Building C object apps/external/unqlite/CMakeFiles/unqlite.dir/unqlite/unqlite.c.o
[2210/2236] Linking C static library apps/external/unqlite/libunqlite.a
[2211/2236] Building C object apps/external/zblue/CMakeFiles/zblue.dir/zblue/kernel/system_work_q.c.o
[2212/2236] Building C object apps/external/zblue/CMakeFiles/zblue.dir/zblue/lib/utils/hex.c.o
[2213/2236] Building C object apps/external/zblue/CMakeFiles/zblue.dir/zblue/port/kernel/device.c.o
[2214/2236] Building C object apps/external/zblue/CMakeFiles/zblue.dir/zblue/lib/net_buf/buf_simple.c.o
[2215/2236] Building C object apps/external/zblue/CMakeFiles/zblue.dir/zblue/port/kernel/atomic_port.c.o
[2216/2236] Building C object apps/external/zblue/CMakeFiles/zblue.dir/zblue/port/kernel/fatal.c.o
[2217/2236] Building C object apps/external/zblue/CMakeFiles/zblue.dir/zblue/kernel/work.c.o
[2218/2236] Building C object apps/external/zblue/CMakeFiles/zblue.dir/zblue/port/kernel/init.c.o
[2219/2236] Building C object apps/external/zblue/CMakeFiles/zblue.dir/zblue/port/kernel/mem_slab.c.o
[2220/2236] Building C object apps/external/zblue/CMakeFiles/zblue.dir/zblue/port/kernel/mutex.c.o
[2221/2236] Building C object apps/external/zblue/CMakeFiles/zblue.dir/zblue/port/kernel/poll.c.o
[2222/2236] Building C object apps/external/zblue/CMakeFiles/zblue.dir/zblue/port/kernel/sched.c.o
[2223/2236] Building C object apps/external/zblue/CMakeFiles/zblue.dir/zblue/port/kernel/queue.c.o
[2224/2236] Building C object apps/builtin/CMakeFiles/apps_builtin.dir/builtin_list.c.o
[2225/2236] Building C object apps/external/zblue/CMakeFiles/zblue.dir/zblue/port/kernel/sem.c.o
[2226/2236] Linking C static library apps/builtin/libapps_builtin.a
[2227/2236] Building C object apps/external/zblue/CMakeFiles/zblue.dir/zblue/port/kernel/thread.c.o
[2228/2236] Building C object apps/external/zblue/CMakeFiles/zblue.dir/zblue/port/kernel/timeout.c.o
[2229/2236] Building C object apps/external/zblue/CMakeFiles/zblue.dir/zblue/port/lib/os/assert.c.o
[2230/2236] Building C object apps/external/zblue/CMakeFiles/zblue.dir/zblue/port/subsys/fs/fs.c.o
[2231/2236] Building C object apps/external/zblue/CMakeFiles/zblue.dir/zblue/port/lib/net_buf/buf.c.o
[2232/2236] Building C object apps/external/zblue/CMakeFiles/zblue.dir/zblue/port/sections/defines.c.o
[2233/2236] Linking C static library apps/external/zblue/libzblue.a
[2234/2236] Linking CXX executable nuttx
Memory region         Used Size  Region Size  %age Used
           flash:     1449172 B        16 MB      8.64%
            sram:       72192 B       512 KB     13.77%
           psram:           0 B         8 MB      0.00%
[2235/2236] Generating nuttx.bin
[2236/2236] Generating System.map

[0;32m#### build completed successfully (01:26 (mm:ss)) ####[00m
===== 构建后复查 =====
3748:CONFIG_SYSTEM_NXRECORDER=y
120981bc t nxrecorder_cmd_recordraw
1209833c t nxrecorder_cmd_record
120984b8 t nxrecorder_cmd_stop
-rwxr-xr-x 1 lawson lawson 1449172 Sep 16 01:44 /home/lawson/openvela/out/sifli_sf32lb52_devkit_lcd_nsh/nuttx.bin
